"RT MemeeVida BRAxSUI  O Alisson estourou a bola do Kiko "	0
"RT CBFFutebol 1T 25min  Brasil vai vencendo por 1 a 0 nessa estreia Vamos torcer pelo segundo WorldCup  üáßüá∑ 10 üá®üá≠  BRAxSUI"	1
"RT VitoriaRiker BRAxSUI Temos chance seguimos com f√© Homer falou t√° falado "	1
"RT SalvatorePabs Descri√ß√£o do juiz fdp no wikipedia juro que n√£o √© montagem BRAxSUI TeamBrazil BrasilxPortugual "	2
"RT malikyourself L A D R √É O BRAxSUI  BRA  VaiBrasil  Brazil "	2
"RT daeguKTH BRAxSUI  Vamos embora tesouro "	0
"Kkkkkkk a Su√≠√ßa contando vit√≥ria porque empatou s√≥ me mostra que ela tem uma sele√ß√£o fraca que empatou com uma sele‚Ä¶ "	0
"RT fuinha Dois camisas 11 Um a gente beija o outro a gente desce o soc√£o   BRAxSUI "	0
"RT possibleangel menino de ouro √© vidente tmb  mostratuafor√ßa  BRAxSUI "	1
"copa2018 BRAxSUI VAR Vejo Ap√≥s Reclamarem"	2
"RT HillaryChruz BRAxSUI Ora ora ora  olha s√≥ oq temos aqui "	0
"RT dborareality A VERDADE √â ESSA MEXEU COM O PA√çS ERRADO Copa2018‚Å† ‚Å†BRA‚Å† ‚Å† BRAxSUI "	2
"BRAxSUI sextafeira tem mais parafern√°lia"	0
"RT straygin que voc√™s n√£o consigam dormir por conta de consci√™ncia pesada BRAxSUI "	2
"RT dallasapatas A TORCIDA BRASILEIRA EH A TORCIDA MAIS LINDA DO MUNDO BRAxSUI "	1
"RT jessica11978617 Avisa pra Su√≠√ßa que oq eles chamam de bandeira nacional chamamos se s√≠mbolo do Samu  BraxSui Copa2018 Guerrame‚Ä¶"	0
"GUERRA MSM HEIN BRAxSUI "	2
"RT acarou ANDURINHA DO SAL√ÉOCHUTA ELE NEYMARZAO BRAxSUI "	2
"RT mrgrounder brasil empatou mas pelo menos a alemanha perdeu BRAxSUI"	2
"RT memesdacopa2018 esses memes do Neymar BRAxSUI "	0
"RT CBFFutebol VOLTAMOS AO JOGO  üáßüá∑ 10 üá®üá≠  BRAxSUI "	0
"RT xxyangjeongin MOSTRA TUA FOR√áA BRASIL  CAI DE CHUTE NESSAS POCS üíöüíõüíöüíõüíö BRAxSUI BRA Copa2018"	0
"RT Annaclaraah1 Sobre o jogo do BRAxSUI  Como √©  Como o camisa 11 v√™ "	0
"Depois de uma queda vir√° ressurrei√ß√£o N√£o estou falando de sele√ß√£o n√£o ca√≠ da moto e t√¥ com o joelho fodido vaibrasil BRAxSUI"	0
"mostratuafor√ßa BRA Copa2018 eu acho √© gra√ßa se isso acontecer Eles n sabem com quem estao se metendo Coitados‚Ä¶ "	1
"Brasil x Su√≠√ßa  Melhores Memes    worldcuprussia2018 VemHexa RumoaoHexa Rusia2018‚Ä¶ "	0
"RT ellilpm Acho que a CBF poderia mandar uma brusinha do Brasil pra cada um dos jogadores da Su√≠√ßa j√° que eles queriam tanto arrancar a f‚Ä¶"	0
"RT srdeabo Paulo Maluf est√° dividido hoje BRAxSUI Copa2018 "	0
"S√≥ eu reparei que o √°rbitro do jogo Brasilxsui√ßa √© um portugu√™s infiltrado tentando roubar o nosso ouro de novo‚Ä¶ "	2
"RT RainhaCarminha O Brasil s√≥ n√£o fez o segundo gol porque o juiz roubou nosso p√™nalti BRAXSUI "	2
"RT CopaDosMemes üáßüá∑üáßüá∑üáßüá∑ SE SEU HOBBY √â          comprar Juiz eu t√¥ fora vou te criticar sim amigo üò†üáßüá∑üáßüá∑üáßüá∑BRAxSUI"	2
"RT oiMone Vamo l√°  Aonde est√° esse juiz  BRAxSUI "	0
"RT Lenzo04 Neymar √© a nova M√£e Din√° BRAxSUI "	0
"RT TMZMYPURPOSE O GOLA√áO DO COUTINHO MERECE SER APRECIADO DE NOVO BRAxSUI   "	1
"RT iwantcaniff tenho certeza que o professor de La Casa De Papel ficou orgulhoso ao assistir o jogo pq meus amigos o maior roubo da his‚Ä¶"	2
"RT AHSoares16 Indo dormir pq hj eu j√°    Vibrei com a derrota da Alemanha  Gritei com gol do Coutinho  Estra√ßalhei o jogador que derr‚Ä¶"	1
"RT SiteCTV Estreia do Brasil na ‚ÄúCopa‚Äù ultrapassa 55 pontos no PNT e vai √† 41 no Uruguai  Copa2018 BRAxSUI"	0
"RT carolpdoming A Su√≠√ßa pensando que t√° arrasando nos memes Coitados chega a dar pena  BRAXSUI "	2
"BRAxSUI eu to chocadi"	0
"RT osgatosdacopa LUGARES ONDE EU GOSTARIA DE SENTAR üî•   BRAxSUI HOJE TEM BRASIL "	0
"RT MisterBrickTop O que aconteceu Brasil Ontem voc√™ riu da Argentina e hoje voc√™ tem que comer isso üòÇüòÇüòÇüòÇüòÇüòÇüòÇüòÇ Se voc√™ n√£o gosta de choc‚Ä¶"	0
"Paulo Maluf est√° dividido hoje BRAxSUI Copa2018 "	0
"RT mrollyveira S√≥ eu reparei que o √°rbitro do jogo Brasilxsui√ßa √© um portugu√™s infiltrado tentando roubar o nosso ouro de novo  brasi‚Ä¶"	0
"RT zaynjrmalik um bj pra quem fez esse gif BRAxSUI CopaDoMundo "	0
"RT CBFFutebol Um gol assinado por ele na especialidade do garoto Que gola√ßo hein PhilCoutinho VAI BRASIL BRAxSUI WorldCup  üì∑ L‚Ä¶"	1
"Sem querer fazer muito mimimi mas TODOS OS √ÅRBITROS EST√ÉO USANDO O VAR NESSA COPA MENOS O FILHO DA PUTA QUE APITO‚Ä¶ "	2
"RT taylorknew N√ÉO TO SURPRESA QUE ESSE JOGO FOI ROUBADO O MUNDO N√ÉO PODE VER O BRASIL QUE J√Å QUER ROUBAR PRIMEIRO PORTUGAL DEPOIS TEMER‚Ä¶"	2
"RT comunacritico Continuo achando que o grande problema desse jogo contra a Su√≠√ßa foi a maldi√ß√£o dessa camisa amarela estilo Pato da Fies‚Ä¶"	2
"RT GusArag3 esse juiz conseguiu ser mais odiado q o Temer BRAxSUI "	2
"RT lunarcollins a raiva que eu passei com esse juiz e o camisa 11 da sui√ßa BRAxSUI "	2
"RT anahikari HOJE TEM BRASIL  To aqui torcendo mas fui obrigada Quem √© voc√™ na torcida Kkkk  WorldCup Worldcup2018Russia BRAxSUI B‚Ä¶"	0
"MEX ganhou da GER BRA empatou com a SUI  GER ganhou do BRA na √∫ltima copa Logo 1¬∞  MEX 2¬∞  GER 3¬∞ ‚Ä¶ "	0
"A Sra ja tem o cart√£o da Riachuelo  Copa2018 BRAXSUI "	0
"RT porvir Ontem foi dia de estreia do Brasil na Copa do Mundo O jogo BRAxSUI terminou em empate mas a sele√ß√£o ainda tem chance de cont‚Ä¶"	0
"RT oieusou0goku Primeiro tempo  segundo tempo BRAxSUI "	0
"RT yeahtif nao ia estar t√£o pistola se a gente s√≥ tivesse empatado a quest√£o √©  1 o gol foi irregular  2 o arbitro de video √© decorat‚Ä¶"	0
"RT VickyGrayson Terminamos empatados no jogo Mais no quesito memes ninguem vence o Brasil  BRAxSUI "	1
"RT osgatosdacopa j√° nao basta roubar nosso ouro agr querem roubar nosso hexa   BRAxSUI "	2
"RT MscSilvaJ Resultado do jogo de hoje BRAxSUI "	0
"RT goodforv Essas duas pessoas hj carregam todo √≥dio de uma na√ß√£o BRAXSUI "	2
"RT LoLegendsBR T√Å SAINDO DA JAULA O MONSTRO üíöü§ûüíõ   ‚úî Foto de perfil com faixa de 100 Jesus  ‚úî Croma Verde Amarelo  ‚úî Azir Pistola  ‚úî Nam‚Ä¶"	0
"RT tiosambr BRAxSUI Senhora volta aqui Senhora Senho ra Esquece tenho que puxar "	0
"RT unlockscreen MENINO NEY  ‚Äî RT se salvar se n√£o der RT √© azar para o Brasil ‚Äî Fav se gostar ‚Äî print se usar  tayy Bra BRAxSUI htt‚Ä¶"	0
"RT srdeabo Devolve o sal√°rio dos Professores Neymar   BRAxSUI"	0
"RT asas1000notw Fica titi n√£o BRAxSUI "	0
"RT omarcelosacana O pa√≠s da corrup√ß√£o levando gol  roubado da Su√≠√ßa Complicado BRAxSUI WorldCup Russia2018"	2
"RT hayescrota1 quando eu falo que √© marca√ß√£o  BRAxSUI "	0
"RT MattVini21 Imagens de todos n√≥s antes do jogo de BRAxSUI "	0
"RT RomagagaGuidini BORA BRASIL   FAZ UM GOL NA MINHA TRAVE  NEYMARJR üòÇüòÇüòÇ BRAxSUI Copa2018  Brasil BrasilCampe√£ Neymar Russia2018‚Ä¶"	0
"admitiu o erro ok blz chocou um total de 0 pessoas pq TODO MUNDO VIU QUE TAVA ERRADO   agora como que corrige o err‚Ä¶ "	2
"Pessoal tudo se matando pelo jogo BraxSui e eu t√¥ como Que merda t√° acontecendo S√©rio gente eu dormiJoguei J‚Ä¶ "	0
"RT LatuffCartoons Estou assaz decepcionado com o BRAxSUI Ao inv√©s do empate o Brasil poderia ter perdido ora P√¥ picapau Neymar me‚Ä¶"	2
"RT CBFFutebol ROLOU A BOLA Come√ßou a Copa do Mundo para o Brasil Vamos torcer muito pela nossa Sele√ß√£o ‚öΩ  üáßüá∑ 00 üá®üá≠  BRAxSUI "	1
"Kkkkkkkkkkkkkkkkkkkkkkk iae Su√≠√ßa  Se liga nesse hist√≥rico Brasil humilhou os boiolas argentinos  os ladr√µes de ou‚Ä¶ "	0
"Ainda revoltada com o juiz ladr√£o que apitou o jogo t√£o querendo engrossar nosso ang√∫  BRAxSUI  ü§¨"	2
"Caralho mano os Su√≠√ßos achando que pode fazer memes com nos BR algu√©m avisa que acabamos de esmurra Portugal   Que‚Ä¶ "	2
"Vender e comprar carro aqui na Volanty √© t√£o simples que estouramos um bal√£o desses todos os dias üòéüéàüìå‚Ä¶ "	0
"RT waleskapeixoto Su√≠√ßa quer come√ßar gerra de memes com o Brasil  Brasileiros BRAXSUI "	0
"RT godsweetener Bruna marquezine os 4 Estados de espirito dos brasileiros nesse BRAxSUI  Copa2018 "	0
"RT EPiores BRAxSUI  eu to s√≥ essa bola da Su√≠√ßa "	0
"Pode vim Su√≠√ßa s√≥ n√£o pode apelar depois     braxsui"	0
"RT hangulptbr o br solta fogos com raiva do resultado mas solta come o churrasco com raiva mas come bebe pra esquecer os problemas mas‚Ä¶"	2
"RT ConexaoBTSBR E √â GOOOOOOOOOOOOOOOL üáßüá∑üíì  BRAxSUI "	0
"RT xksprouse au a luta do mundo  onde garotos da Su√≠√ßa que tinham um sonho de se tornarem lutadores s√£o obrigados a jogar na copa do mu‚Ä¶"	0
"RT leticiaAmaral2 mostratuafor√ßa BRA Copa2018 eu acho √© gra√ßa se isso acontecer Eles n sabem com quem estao se metendo Coitados B‚Ä¶"	2
"RT anahikari Se o hexa viesse pelo quesito CRIATIVIDADE a gente j√° era hexa h√° muito tempo hahahaha  WorlCupRussia2018 Copa2018 BRAx‚Ä¶"	1
"RT RafaelGoms07 Esse ju√≠z Como explicar esse ju√≠z   BRAxSUI "	0
"Ahhh t√£o engra√ßado claro que a FIFA n√£o vai entregar os √°udios e vai defender a palha√ßada que foi aquele jogo‚Ä¶ "	2
"RT louistbabycakes primeiro que o goleiro da sele√ß√£o brasileira nem √© gente √© obra de arte BRAxSUI "	1
"Neymar Se Machuca  Com dores NeymarJr abandonou o treino da Sele√ß√£o mancando  "	0
"RT parruhteixeira A Sui√ßa ainda n√£o entendeu que aqui √© Br N√£o h√° para ningu√©m quando o assunto √© memes BRAxSUI "	0
"RT renanfileto Segue foto da cabine do √°rbitro de v√≠deo no domingo passado  Brasil x Sui√ßa  Copa2018 CopaDoMundo BRAxSUI Brasil ht‚Ä¶"	0
"RT Apassivs UM MEME NUNCA ME REPRESENTOU TANTO JUIZ LADR√ÉO DO CACETE BRAxSUI "	2
"RT realmariobrasil MEU DEUSSSS QUASE IA SER GOL EU N√ÉO AGUENTO MAIS BRAxSUI"	2
"RT OutcastTofoli BRAXSUI hur foi 1x1 mas o Brasil leva de 10 em educa√ß√£o sa√∫de bl√° bl√° bl√° CARALHO BICHOPUTA GENTE CHATA "	2
"RT vitaminalivros Esse post nos definiu completamente Copa2018 CopaDoMundo  BRAxSUI WordCup2018 WorldCup Worldcup2018Russia "	0
"RT laurazvixen ALGU√âM PRECISA PARAR ESSAS BLOGUEIRAS IMEDIATAMENTE  BRAxSUI "	2
"RT edsonbmneto O juiz do jogo de hoje foi sem d√∫vida o mais filho da puta que eu j√° vi Mas tem que se lascar uma disgra√ßa dessas BRAxS‚Ä¶"	2
"RT ngmyesdoor Olha os SU√ç√áOS fazendo meme pro Brasil  A GUERRA FOI PLANTADA  BORA MOSTRA O QUE √â UM MEME DE VERDADE  BRAxSUI Bra Sui‚Ä¶"	0
"RT CobraJosef2004 MORSTRA TUA FOR√áA BRASIL √â AMARRA O JUIZ NA FOGUEIRAAAAA  BRAxSUI "	2
"RT RainhaCarminha  Enem 2018 O primeiro jogo da sele√ß√£o brasileira na copa de 2018 foi roubado por  A Juiz B √Årbitro de v√≠deo C‚Ä¶"	0
"RT FoxSportsBrasil üáßüá∑ Olha os lances a√≠ O Brasil foi prejudicado pela arbitragem FOXNaR√∫ssia JogaOQueSabe BRAxSUI  üîÅ SIM ‚ù§ N√ÉO "	2
"RT bchartsforum ATEN√á√ÉO FIFA JUIZINHO DE MERDA E AFINS BRA Copa2018 BRAxSUI "	2
"RT osgatosdacopa NEYMAR COM CARA DE DOR SENTINDO A PERNA MEU DEUS DO C√âU EU VOU MORRER braxsui "	2
"RT srdeabo A coisa come√ßou a dar errado no Brasil  Quando isso  Virou isso   Copa2018 BRAxSUI "	2
"RT EuCristinaaa Jap√£o ganhou da Col√¥mbia M√©xico ganhou da Alemanha Brasil empatou com a Su√≠√ßa TO COM MEDO ESSA COPA T√Å TUDO AO CONTR√Å‚Ä¶"	2
"RT nosensecamren Alisson estourando com vontade a bola da Su√≠√ßa foi a melhor coisa desse jogo kkkkkkk BRAxSUI "	1
"Retweeted Blog Vitamina Livros vitaminalivros  Esse post nos definiu completamente Copa2018 CopaDoMundo‚Ä¶ "	0
"RT biagiochiappett Aonde eu estiver  BRAxSUI "	0
"RT osgatosdacopa IMAGENS DO ARBITRO DE VIDEO DE BRASIL X SUI√áA BRAxSUI "	0
"RT CBFFutebol 1T 32min  neymarjr bateu escanteio e gabrieljesus33 cabeceou para o meio da √°rea mas nenhum brasileiro chegou Boa cha‚Ä¶"	0
"RT gabrieugalvaum Queria ter uma amizade bonita igual a do juiz e a sui√ßa braxsui"	0
"RT carolcomcmsm BRAxSUI todos nesse momento "	0
"RT carneiromarcos Meme na TV Su√≠√ßa sobre BraxSui hahahahaha Copa2018 "	0
"RT XIUMINHAUZIN BRAxSUI Observem a nova pessoa mais odiada do Brasil "	0
"RT calubarros Met√°fora do jogo de estr√©ia Su√≠√ßa √© o PSDBPMDB Brasil √© o PTLulaDilma Juiz √© o Moro Juiz do video √© o Gilmar Mendes‚Ä¶"	0
"RT CBFFutebol 1T 11min  QUAAASE Primeira chegada do Brasil De PhilCoutinho para neymarjr da√≠ para paulinhop8 e a bola raspou a‚Ä¶"	0
"RT xboxlivepedro Dos mesmos criadores de Miss√£o imposs√≠vel protocolo hexa SegundaDetremuraSdv  BRAxSUI  Copa2018 "	0
"Eles t√£o achando que ganharam a copa n√© foi empate meus amigos e outra  esse jogo foi claramente roubado Su√≠√ßa √©‚Ä¶ "	2
"RT cleytu JUIZ LADR√ÉO BRAxSUI "	2
"RT realmariobrasil O Brasil foi roubado at√© no jogo BRAxSUI"	2
"Qualquer semelhan√ßa √© mera coincid√™ncia neymarjr   Neymar BrasilxSuica BRAxSUI  BRA Copa2018 CopaDoMundo "	0
"RT focusondiley Pelo menos o gol da minha sele√ß√£o al√©m de leg√≠timo e regular foi lindo vc quer Su√≠√ßa AMEM COUTINHO BRA BRAxSUI "	1
"RT Larryexxplosion MENINO NEY T√Å SENTINDO DOR  T√Å VENDO OQ VOC√äS FIZERAM SU√ç√áOS   BRAxSUI "	0
"RT MauraSSantos1 A Sui√ßa ja roubou no jogo ontem agora quer roubar nos memes NAO VAI ROLAR BRAxSUI guerradememes Copa2018"	2
"RT brunawif KKKKKKJ Lembrando o grito que eu dei quando o Alisson estourou a bola da Su√≠√ßa BRAxSUI "	0
"RT jaquelinevietro Em portugu√™s bola  Em ingl√™s ball  Em italiano palla  Em coreano Í≥µ Na Su√≠√ßa neymar   BRAxSUI BrasilRumoAoHexa"	0
"RT euhernande27 FIFAO √°rbitro de v√≠deo veio pra revolucionar o futebolser√° positivo pra todo mundo BRASILOh m√£e a FIFA disse que o √°r‚Ä¶"	0
"RT TheBlurryface Namorando com vc depois de terminar o namoro  BRAxSUI "	0
"S√≥ um aviso vcs n v√£o conseguir O Brasil √© a turma do fund√£o  braxsui"	0
"Kkkkkk Mexicano pago em Pesos BRAxSUI "	0
"T√° chamando para treta kkkkk coitados N√£o acredito que vamos ter que decidir no twitter esse empate em campo ‚Ä¶ "	0
"Lament√°vel o desservi√ßo de informa√ß√£o da RGT referente ao jogo BRAxSUI  Lances interpretativos os jogadores do‚Ä¶ "	0
"RT LucasFalabbb Um aviso pr√≥s jogadores da Su√≠√ßa BRAxSUI "	0
"RT anahikari Por dentro tamo torcendo  Por Fora Temer   BRAxSUI Copa2018 WorldCupRussia2018 ForaTemer "	0
"RT osgatosdacopa se eu encontro com esse juiz BRAxSUI "	0
"RT RainhaCarminha Eu sexta feira voltando a torcer pro Brasil depois do surto de hoje BRAXSUI "	0
"RT unlockscreen üáßüá∑ Lockscreens Canarinho Pistola üê•üáßüá∑  üíö rt se pegar üíõ Fav se gostar  üíö Print se usar   Bra BRAxSUI Kat "	0
"RT poxadani97 TIRA DAIIIIIIIIII Mari pede pro Felipe promover nos CopanoCinema WorldCup VamosBrasil BRAxSUI CopaDoMundo2018 ht‚Ä¶"	0
"RT CBFFutebol FIM DO PRIMEIRO TEMPO O Brasil vai vencendo por 1 a 0 gola√ßo de PhilCoutinho WorldCup  üáßüá∑ 10 üá®üá≠  BRAxSUI "	0
"BRAxSUI podem vir su√≠√ßos "	0
"RT mvitrola neymar me decepcionou demais BRAxSUI"	2
"RT jonilsonsales Tudo culpa do estagi√°rio  BRAxSUI  WorldCupRussia2018 "	2
"RT CBFFutebol 1T 41min  Primeiro tempo vai chegando ao fim por aqui O Brasil est√° na frente ‚Äì gola√ßo de PhilCoutinho WorldCup  üáßüá∑‚Ä¶"	0
"Justo com o pa√≠s dos memes  Debochar √© uma de nossas especialidades BRAxSUI"	0
"RT bysnowqueen Goleiro do Brasil aben√ßoando sua tl  BRAxSUI  MostraTuaForca "	1
"su√≠√ßa mal come√ßou a copa j√° t√° com 2 saldo de gols Copa2018 BRAxSUI "	0
"A Su√≠√ßa agora diz que vai competir memes com o Brasil Meus queridos a gente manda essa porcaria de memestemos as‚Ä¶ "	0
"Col√¥mbia BRAxSUI Su√≠√ßa Neymar TercaDetremuraSDV Borja R√∫ssia e Egito MC Pikachu COLxJAP James Rodriguez ASSISTA‚Ä¶ "	0
"Brasil x Su√≠√ßa  Melhores Memes    TercaDetremuraSDV worldcuprussia2018 VemHexa‚Ä¶ "	0
"RT littletoowes imagens exclusivas do √°rbitro de v√≠deo assistindo o jogo TudoPronto BRAxSUI VaiBrasil "	0
"RT LuciferBRA Vai brasil kkj  BRAxSUI Lucifer "	0
"RT irisstefanelli J√° na torcida VaiBrasil BRAxSUI BrazilVSSwitzerland üáßüá∑ "	0
"RT Matheus32531456 O Brasil √© uma m√°quina de memes e eu posso provar   BRAXSUI "	0
"RT pattzjimin Parab√©ns ao melhor jogador da Su√≠√ßa O Juiz  BRAxSUI"	0
"RT wolfiebiebsz O GOLA√áO DO COUTINHO PRECISA SER APRECIADO BRAxSUI "	0
"RT tzuyulip descontando os estresses do jogo aqui BRAxSUI "	0
"RT AmorAlbuquerque BRAxSUI Um recadinho para os pr√≥ximos advers√°rios "	0
"RT IsaacNervoso POR ENQUANTO CRISTIANO RONALDO TEM MAIS GOLS QUE A ALEMANHA A ARGENTINA E O BRASIL JUNTOS   BRAXSUI Copa2018  Bra‚Ä¶"	0
"RT wagner7jr Qualquer semelhan√ßa √© mera coincid√™ncia neymarjr   Neymar BrasilxSuica BRAxSUI  BRA Copa2018 CopaDoMundo "	0
"RT bymochim olha aqui brasil vcs tratem de fazer gol q eu n√£o fui xingada pelos portugueses atoa  BRAxSUI"	0
"RT CBFFutebol Sele√ß√µes entrando em campo Os capit√£es Marcelo e Lichtsteiner puxam as filas de Brasil e Su√≠√ßa para esse primeiro desafi‚Ä¶"	0
"RT jiminflly N√£o foi empate foi roubo   BRAxSUI"	2
"carneiromarcos √â eles realmente est√£o passando vergonha Su√≠√ßa acha que sabe derrubar os Brs nos memes mal sabe e‚Ä¶ "	0
"RT acarou Um aviso pr√≥s jogadores da Su√≠√ßa BRAxSUI "	0
"RT CocaColaBr Estreia galera churrasco e CocaCola Se a gente n√£o t√° pronto eu n√£o sei quem t√° TudoPronto BRAxSUI "	0
"RT BuffaloDoFrame A sui√ßa deveria ter orgulho de jogadores como ele Jogou dms BRAxSUI "	1
"Estreia do Brasil na ‚ÄúCopa‚Äù ultrapassa 55 pontos no PNT e vai √† 41 no Uruguai  Copa2018 BRAxSUI"	0
"RT Alexspa BRAxSUI t√° preocupado com o juiz que atrapalhou a sele√ß√£o e tals O tesouro rec√©m encontrado em solo brasileiro e que perte‚Ä¶"	0
"RT CocaColaBr Esse jogo t√° tenso demais Bora dar um g√°s pra sair com a vit√≥ria galera TudoPronto BRAxSUI "	1
"RT AllanRhuan3 Kkkkkkkkkkkkkkkkkkkkkkk iae Su√≠√ßa  Se liga nesse hist√≥rico Brasil humilhou os boiolas argentinos  os ladr√µes de ouros por‚Ä¶"	1
"RT lolesportsbr Voc√™s acharam que n√£o ia ter torcida aqui no lolesportsbr Acharam errado Vai Brasiiiil VemHexa BRAxSUI "	0
"RT jonhcleisson Ent√£o galera declaro a 4¬∞ guerra memeal SegundaDetremuraSDV BRAxSUI "	0
"RT daeguKTH BRAxSUI Objetivo da Su√≠√ßa     ganhar X Matar o Neymar"	0
"RT Imaginedosbts neymar a gente vai jogar agora sui√ßa eu n√£o jogo eu bato  com for√ßa BRAxSUI"	0
"Chega no crush e diz Vc nao √© o juiz do jogo BRAxSUI  mas vc roubou meu cora√ßao Bora sipegar Worldcup2018Russia"	0
"RT leestranha eu t√¥ quase esquecendo o  e ele manda um t√¥ com sdds BRAxSUI "	0
"RT Enquette BRAxSUI Na sua opini√£o a arbitragem esta favorecendo a sele√ß√£o da Su√≠√ßa contra o Brasil"	0
"RT isadoramabelly meu novo hobbie √© ir no instagram do jogador da Su√≠√ßa que agora est√° sendo odiado e ler os coment√°rios dos br KKKKKK eu‚Ä¶"	0
"faz quadradin de oito BRAxSUI "	0
"RT sionme Claramente as duas pessoas que despertaram o √≥dio da na√ß√£o brasileira nesse jogo BRAxSUI "	2
"RT voyezvoousme  n√£o foi p√™nalti  eeee vai ver o jogador da Su√≠√ßa s√≥ quis da um abra√ßo no Jesus  BRAxSUI "	0
"RT FoxSportsBrasil üáßüá∑ Neymar apanhou tanto que chegou a ter o mei√£o rasgado pelas travas de um su√≠√ßo FOXNaR√∫ssia JogaOQueSabe BRAxS‚Ä¶"	2
"RT ConexaoBTSBR Esse ju√≠z e a Su√≠√ßa s√£o mais que amigos s√£o friends Que roubo meus amigos que roubo  BRAxSUI"	2
"RT samuelpeixoto Juiz desconsidera as provas contundentes despreza a tecnologia e prejudica o pa√≠s E viva os bancos sui√ßos Para que exi‚Ä¶"	2
"Brasil x Su√≠√ßa  Melhores Memes    TercaDetremuraSDV worldcuprussia2018 VemHexa‚Ä¶ "	0
"RT effyxz Homens mais odiados pelo Brasil atualizado com sucesso BRASUI BRAxSUI "	0
"RT bchartsforum O jogo terminou em 1x1 mas foi um 2x0 moral JUIZ LADR√ÉO N√ÉO √â ARTISTA BRA BRAxSUI Copa2018 "	0
"RT osgatosdacopa ALGU√âM ME SEGURA BRAxSUI "	0
"RT debochadissimo Agora vamos saber quem fez o gol mais bonito     Coutinho  RT  Cristiano  Fav  BrasilxPortugual BRAxSUI "	0
"esses su√≠√ßos tudo poc BRAXSUI"	0
"RT CBFFutebol 2T 46min  Acr√©scimo de tempo gtgt 5 minutos WorldCup  üáßüá∑ 12 üá®üá≠  BRAxSUI"	0
"O Brasil √© uma m√°quina de memes e eu posso provar   BRAXSUI "	0
"RT FoxSportsBrasil üáßüá∑ Quem viu esse encontro entre Alisson e o bal√£o FOXNaR√∫ssia JogaOQueSabe BRAxSUI "	0
"Jap√£o ganhou da Col√¥mbia M√©xico ganhou da Alemanha Brasil empatou com a Su√≠√ßa TO COM MEDO ESSA COPA T√Å TUDO AO‚Ä¶ "	0
"RT amandaramosfer ESSE FILME EU J√Å VI  so to esperando o momento q o menino neymar vai levantar e aplicar o golpe da cobra BRAxSUI most‚Ä¶"	0
"RT 3coracoes denilsonshow Nossos üíöüíõüíô est√£o tensos mas confiantes nessa sele√ß√£o E o seu denilsonshow JogueComCora√ß√£o BRAxSUI "	0
"RT ArrumadorHB BRAxSUI podem vir su√≠√ßos "	0
"RT CBFFutebol FIM DE PARTIDA A Sele√ß√£oBrasileira estreia na Copa com empate em 1 a 1 com a Su√≠√ßa gol de PhilCoutinho WorldCup  üáßüá∑‚Ä¶"	0
"BRAxSUI  O Brasil inteiro nessa guerra de memes "	0
"BRAxSUI Senhora volta aqui Senhora Senho ra Esquece tenho que puxar "	0
"RT syanne10063027 despertador A  Eu  BRAxSUI "	0
"CopaDoMundo BRAxSUI  o brasil ta t√£o merda que poderia se chamar minha vida"	0
"RT nosensecamren ALISSON ESTOUROU A BOLA DA SU√ç√áA KKKKKKKK BRAxSUI "	0
"RT RainhaCarminha Pelo menos o Brasil nem ganhou e nem perdeu pior foi a Alemanha que perdeu no jogo de estreia contra o M√©xico  BRAXS‚Ä¶"	0
"RT didicodamimosa QUE GOLA√áO DO COUTINHO BRAxSUI "	0
"RT TiiiahDosBolos Querido ran√ßo do Brasil camisa 11 da Su√≠√ßa respeite o nosso menino Ney pois ele √© apenas um jogador de FUTEBOL e n√£o‚Ä¶"	0
"Segue foto da cabine do √°rbitro de v√≠deo no domingo passado  Brasil x Sui√ßa  Copa2018 CopaDoMundo BRAxSUI‚Ä¶ "	0
"PERA AE  Su√≠√ßa quer roubar nossos memes  j√° roubaram no jogo agora nos memes    braxsui"	0
"RT BiaLouraa O PR√ìXIMO JOGO VAI SER MELHOR O PR√ìXIMO JOGO VAI SER MELHOR O PR√ìXIMO JOGO VAI SER MELHOR O PR√ìXIMO JOGO VAI SER MELHOR  O P‚Ä¶"	1
"RT marianaborgesg Olhem esse camisa 11 nojento falso vo passar com um foguete na bunda desse ot√°rio BRAxSUI "	1
"RT joanamelom pegaram o neymar pelo PESCO√áO juiz   BRAxSUI "	0
"RT QueridoOficial √Årbitro de v√≠deo BRAxSUI "	0
"RT TourProjetosBTS PARAB√âNS AO JUIZ QUE JOGOU PELA SU√ç√áA  BRAxSUI BRA"	0
"RT serenditpy a sele√ß√£o cheia de garra jogando bonito os jogadores dando o sangue em campo lutando pra vir um time com 0 √©tica esporti‚Ä¶"	1
"RT MdLivros Leitor n√£o sofreu muito hoje na copa J√° estamos acostumados a torcer pros personagens ficarem juntos nas √∫ltimas paginas do‚Ä¶"	0
"RT pelegrini65 Desde 2014 √© s√≥ vexame Huck no camarote do Itau puxando Vai Tomar no C na abertura da Copa do Mundo no Brasil 7x1 pra A‚Ä¶"	2
"RT TudoMendesArmy O GOLA√áO DO COUTINHO MERECE SER APRECIADO  BRAxSUI Bra   "	1
"RT copamae Neymar t√° tentando mais que uma sobrinha minha tentou passar em medicina √â enfermeira hoje N√© falando mal n√£o   BRAxSUI"	1
"RT wcsmars Pessoas que uniram o √≥dio do povo brasileiro BRAxSUI "	1
"RT CanalWillian Brasil x Su√≠√ßa  Melhores Memes    TercaDetremuraSDV worldcuprussia2018 VemHexa RumoaoHexa R‚Ä¶"	0
"RT gluiky quem fez esse gif merece um pr√™mio BRAxSUI CopaDoMundo "	0
"Oq √© as faltas feitas no Neymar perto da falta que eu sinto do meu dinheiro na minha conta bancaria BRAxSUI‚Ä¶ "	0
"RT osgatosdacopa EU TO S√ì O MARCELO COM O RESULTADO DESSE JOGO BRAxSUI "	0
"RT FoxSportsBrasil üáßüá∑ De 0 a 10 qual a nota da atua√ß√£o do Brasil contra a Su√≠√ßa JogaOQueSabe BRAxSUI FOXnaR√∫ssia "	0
"RT mayarabarros201 Conclus√£o do jogo GOLA√áO DE COUTINHO √ÅRBITRO DE V√çDEO COMENDO PIPOCA JUIZ COMPRADO PELA SU√ç√áA JOGADORES DA SU√ç√áA A‚Ä¶"	1
"Sobre o jogo do BRAxSUI  Como √©  Como o camisa 11 v√™ "	0
