Deu Marquinhos Trad pessoal, parabéns doutor, votos de que a cidadania tenha em Campo Grande-MS a melhor gestão... ;1
Marquinhos Trad 55 - Programa Eleitoral 2º Turno - 24/10/2016:  via @YouTube;2
Hoje é dia de @rosemodestoms para os campo-grandenses. #TamoJuntoComRose #AgoraÉRose #ChegaDeTradicionalismo #Rose45;1
PREFEITO ELEITO EM CAMPO GRANDE (MS)MARQUINHOS TRAD (PSD);2
Marquinhos Trad é eleito prefeito de Campo Grande: O candidato Marquinhos Trad (PSD) está matematicamente ele... ;2
#Eleições2016  Marquinhos Trad (PSD) é eleito em #CampoGrande com 58,76% dos votos contra 41,24% de Rose Modesto (PSDB).;2
Prefeito - Campo Grande: Marquinhos Trad está em 1º lugar (87,90% das urnas)  #Eleicoes2016 #UOL via @UOLNoticias;2
Marquinhos Trad o competente? Vamos ver .;2
Recado Yeda Crusius vale p 2º turno: hora votar nas mulheres! #Caruaru e #CampoGrande fechados #Raquel45 e #Rose45;1
Rose Modesto vota em Campo Grande  #SomosTodosDilma #Raynniere #BuyRaynniereOnItunes;2
CUIABÁ100% das urnas apuradasMarquinhos Trad: 58,77% - 241.876 votos - ELEITORose Modesto: 41,23% - 169.660 votos#Eleições2016;2
Justiça Eleitoral condena Rose Modesto novamente ;0
"vamos la Campo grande ficar de olho e  ""Marquinhos Trad"" faça nossa cidade a melhor";1
Alegria total na adesivagem #RosePrefeita #JuntoscomRose #JuntosporCampoGrande ;1
marquinhos trad citou bruno e marrone no debate, boa noite.;2
A justiça eleitoral recolhesse que a candidata do PSDB Rose Modesto cometeu irregularidades e ofensas inverídicas... ;0
RT @tvfabio: Parabéns aos Marquinhos Trad pela vitória na eleição para prefeito de Campo Grande! #Eleicoes2016;1
marquinhos trad oferecendo 300 reais pros migo vota nele,  nada novo sob o sol;0
Outros eleitos: Marquinhos Trad (PSD) em Campo Grande, Emanuel Pinheiro (PMDB) em Cuiabá, Clécio (Rede) em Macapá e Crespo (DEM) em Sorocaba;2
Marquinhos Trad (PSD) é eleito prefeito de Campo Grande  via @UOLPolitica @UOL;2
Marquinhos Trad (PSD) está eleito prefeito de Campo Grande (MS), com 59% dos votos;0
@_luurrodriguez @MCrivella Vc Mora no Rio? Por favor, se preocupe com Marquinhos x Rose Modesto, a #FJUMatoGrossodoSul não representa o Rio!;2
"Depois do ""André venceu debate"" vem aí nos muros campo-grandenses: TRAD CITOU BRUNO E MARRONE ";0
Marquinhos Trad vota confiante na vitória para administrar Campo Grande | Correio do Estado - ;1
Ganhou.............. ;2
@marquinhostrad_ @YouTube MARQUINHOS TRAD É COMPETENTE, 55 SEMPRE COM A GENTE;1
ANDRÉ NÃO DEIXOU  MARCOS SER PREFEITO E AGORA TROPA DE CHOQUE ROSE MODESTO NÃO ESTA CONSEGUINDO AQUI NAS MÍDIAS... ;2
Estou certa que vou recuperar a confiança das pessoas na política com o meu trabalho. #JuntosPorCampoGrande ;1
Segundo bloco e o bosta do Marquinhos Trad só ataca. Não respondeu uma pergunta. Só fala do governo. Assim fica difícil avaliar propostas.;0
RT @rosemodestoms: Vou honrar o apoio, os votos, as parcerias e principalmente as pessoas! #AgoraéRose #Rose45 ;1
Rose Modesto reúne todas as condições e todas as qualidades de que Campo Grande necessita neste momento em que a... ;1
RT @rosemodestoms: A Região do Centro quer que Campo Grande encontre o caminho para crescer e, por isso, vota no 45! ;1
Em Mato Grosso do Sul, apenas a capital Campo Grande tem segundo turno. Disputam o voto de 595.174 eleitores Marquinhos Trad e Rose Modesto.;2
Marquinhos Trad é feio;0
A outra opção em #CampoGrande era Rose Modesto (PSDB). A diferença entre o prefeito eleito do PSD e a derrotada do PSDB é de 1 letra#Golpe;0
Marquinhos Trad é eleito prefeito de Campo Grande: Rose Modesto (PSDB) ficou em segundo lugar, com 41,26% dos... ;2
Continuamos na caminhada rumo a Vitória, amanhã é Rose Modesto 45.#JuventudecomAzambuja #RosePrefeita #HoradaVirada;1
Marquinhos Trad eleito em Campo Grande.Mais 1 que eu acerto!;2
CAMPO GRANDE Capital do MS elege Marquinhos Trad (PSD)  ;2
Senador preciso falar com vossa excelência com urgência preciso do número do seu telefone .Wilson Xavier ;2
@ElianeYarzon Vc Mora no Rio? Por favor, se preocupe com Marquinhos Trad x Rose Modesto, a #FJUMatoGrossodoSul não representa o Rio!;2
Rose Modesto é única a aderir a plataforma da ONU Mulheres que pede igualdade de gênero  via @psdbmulher45;2
Rose Modesto - Irreconhecível ;0
Marquinhos Trad-Adriane Lopes eleitos em Campo Grande-MS. Os únicos fichas-limpas. Ele é Batista e ela da AD, esposa do dep. Lidio Lopes.;1
Gente, a Rose Modesto ta sambando nesse debate, seguraaa essa mulher  #Rose45  #RoseModesto #EleicoesMS;1
A vitória e nossa...Marquinhos Trad.....Prefeito de Campo Grande.... ;1
Marquinhos Trad foi eleito prefeito de Campo Grande... Conheça o programa de governo do futuro prefeito pra... ;1
Vamos ouvir os comerciantes do centro para refazer o projeto de revitalização juntos. #DebateTVMorena #RosePrefeita;2
Eleições Os votos dos campo-grandenses elegeram ontem, em segundo turno, Marquinhos Trad (PSD) prefeito do... ;1
Cumprimento a todos os prefeitos eleitos no país, especialmente os do PMDB e o de Campo Grande, Marquinhos Trad. Qu ;1
Marquinhos Trad é eleito novo  prefeito de Campo Grande ;2
Alias, falando em convencer...O Marquinhos Trad tentando ser popular com os jovens, coisa que nem no programa dele ;0
Rose Modesto é única a aderir a plataforma da ONU Mulheres que pede igualdade de gênero ;1
Marquinhos Trad já ta eleito em CG;2
ELEITO EM CAMPO GRANDE/MS  98,9% das urnas apuradas: Marquinhos Trad (PSD) 58,7% - Rose Modesto (PSDB) 41,2%;2
Marcelo Miglioli, coordenador da campanha, também está na TV Morena acompanhando o debate de hoje. #DebateTVMorena ;2
Não aguento ver Marquinhos Trad fazendo o coitadinho. Migo, na sua família não tem NENHUM coitadinho. Me poupe, se poupe, nos poupe.;0
Ei você aí, que está acompanhando a disputa entre Marquinhos Trad e Rose Modesto. Não percebeu ainda que toda... ;2
Chega de Trads para Campo Grande! Vai Rose Modesto. ..#campograndems;1
Marquinhos Trad e Rose Modesto debatem propostas na TV Morena #betalab #timbeta #OperacaoBetaLab #sdv #BETALab #rt #beta;2
Rose Modesto - Notícias - Rose assume compromisso para redução da desigualdade racial ;2
marquinhos trad APELÃO;0
UOL: Em Campo Grande: Marquinhos Trad tem 44% e Rose Modesto, 35%, diz Ibope ;2
Estamos prontos para fazer a melhor gestão para Campo Grande e o meu vice, Claudio Mendonça, tem um recado pra você ;2
Campo Grande (TSE/17h20)Total Apurado: 14,80%Marquinhos Trad (PSD): 59,64%Rose Modesto (PSDB): 40,36%#Eleições2016;2
Marquinhos Trad prefeito de Campo Grande, Crivella prefeito no Rio, será que eu já posso morrer?!;0
TRAD recebia da Assembleia e da Câmara  ;0
Apuração - Prefeito - Campo Grande: Marquinhos Trad tem 59,04% dos votos (31,82% das urnas)  #Eleicoes2016 #UOL;2
Campo Grande (TSE/17h15)Total Apurado: 5,91%Marquinhos Trad (PSD): 60,19%Rose Modesto (PSDB): 39,81%#Eleições2016;2
Escolham: Ou Marquinhos TRAD era fantasna na Universidade ou na Assembleia  ;0
Marquinhos Trad, do PSD, é o novo prefeito de Campo Grande  ;2
GANHAMOSSSSSSSS  .55!!! BOA  SORTE,  PREFEITO  MARQUINHOS TRAD! !;1
Rose Modesto demonstra gratidão pelos eleitores no 2º turno  | #Eleicoes2016 #SegundoTurno #Votacao;1
Bernal recebe prefeito eleito Marquinhos Trad ;2
Marquinhos Trad e Rose Modesto debatem propostas na TV Morena ;2
Depois de um debate medonho entre Marquinhos Trad e Rose. Entenderam porque Conceição 99? Sem condicoes alguma.... ;2
RT @CybelePereira05: Marquinhos Trad prefeito de Campo Grande, Crivella prefeito no Rio, será que eu já posso morrer?!;0
Pesquisa 28 -1055 NEEELESSS!!!! @ Comitê Marquinhos Trad 55 ;1
g1: Candidata Rose Modesto vota em Campo Grande  #Eleições2016 #G1  #timbeta;2
Marquinhos Trad eleito mesmo, com larga vantagem. Um tinha que se eleger já que não tinha saída né?;2
RT @G44BM: Só eu que tenho nojo dessa Rose Modesto? Ela consegue ser mais falsa que as inimiga;0
 : Marquinhos Trad é eleito prefeito de Campo Grande ;1
Ultimo segundo: Marquinhos Trad é eleito prefeito de Campo Grande, no MS: iG São PauloCandid...  Via @querubim_d4;2
Se o candidato Marquinhos Trad afirma que o atual prefeito Alcides Bernal é um desastre, o que devemos esperar se... ;2
Rose Modesto assim como @Reinaldo45psdb irá subir os impostos e presentear criminosos encarcerados c/ Secretarias. ;0
#Eleicoes2016 Voto do prefeito eleito de Campo Grande, Marquinhos Trad, custou R$ 5,79. ;2
O povo merece mesmo ;2
Veja Isso: Marquinhos Trad e Rose Modesto debatem propostas na TV Morena: Os candidatos à prefeitura de Campo... ;2
Chegamos na última semana de campanha, e temos a certeza que Rose Modesto é a melhor opção para Campo Grande, com... ;1
@AyubLuete Estávamos lá na moreninhas comprando um voto para rose modesto;0
Na Reunião da Virada, Agora é 45, Rose! #Rose45 ;1
Marquinhos Trad e Rose Modesto debatem propostas na TV Morena;2
,. Candidatos avaliaram debate realizado pela TV Morena.Participaram Marquinhos Trad (PSD) e Rose Modest...  ..,;2
Campo Grande (TSE/17h10)Total Apurado: 1,80%Marquinhos Trad (PSD): 60,21%Rose Modesto (PSDB): 39,79%#Eleições2016;2
#DebateTvMorena Marquinhos Trad deve tá se preparando para uma possível candidatura a governador em 2018. Migo foca em Campo Grande tá;0
Marquinhos Trad é eleito prefeito de Campo Grande;2
E AGORA ROSE MODESTO E REINALDO E SE ESSA ONDA PEGA EM TODAS AS ESCOLA DO ESTADO E ESTA AUMENTANDO UM PROJETO PEC... ;0
Marquinhos Trad ou Rose os dois pra mim não são capacitados,inclusive ñ vejo um nessa cidade capacitado;0
Em Campo Grande, vitória de Marquinhos Trad conduz novamente família Trad à prefeitura:  ;2
"New post: ""Marquinhos Trad vota em Campo Grande"" ";2
Marquinhos Trad, com sua falsidade e podridão, está conseguindo com que eu vote em um dos partidos que menos acredito. Parabéns.;0
@pepsitwink migo o marquinhos trad vai ganhar aqui ce acreditaaa e ele disse que com 11 mil n da pra viver;0
marquinhos trad, o que? Por que? Pra quem? Quando? Qual a necessidade de manter a buraqueira???;0
"FOLHA DE SÃO PAULO:Marquinhos Trad ""RECEBIA DA ASSEMBLEIA"" enquanto era VEREADOR. ";2
#política via #G1 - Marquinhos Trad (PSD) é eleito prefeito de Campo Grande ;2
@cyrusafa tem como torcer pelo Emanuel (PMDB) para pref de Cuiabá e para o Marquinhos Trad para pref de Campo Grande ?? Pq aí ganham outros;0
Agora é  Rose Modesto, vamos dar um choque de gestão em nossa cidade.#AgoraéRose #JuntosporCampoGrande ;1
Preparativos para debate da TV Morena, com previsão de começar às 22h30. Transmissão pelo G1 e canal 6. Acompanhe. ;2
 só rindo alto.. #surrealissoaqui  ;2
Campo Grande elege Marquinhos Trad (PSD) , saiba mais  ;2
"""Meus parabéns Marquinhos Trad, pela vitória e, muito sucesso nessa nova etapa que se iniciará em 2017. Ser... ";1
Marquinhos Trad, votou por volta das 10h40 deste domingo  ;2
No #uol Em Campo Grande: Marquinhos Trad tem 44% e Rose Modesto, 35%, diz Ibope: Marquinhos Trad tem...  Via #uol;2
Marquinhos Trad 55 - Programa Eleitoral 2º Turno - 25/10/2016:  via @YouTube;1
Segurança pública se faz com prevenção, investindo na nossa juventude, com arte, esporte e cultura. #DebateTVMorena #RosePrefeita #Agoraé45;1
Em Campo Grande: Marquinhos Trad tem 44% e Rose Modesto, 35%, diz Ibope  #notícias #Geral ;2
No nosso governo, não tem nem cheiro de corrupção, afirma Rose Modesto... ;1
Marquinhos Trad e Rose Modesto debatem propostas na TV Morena: Candidatos participaram de debate na noite des... ;2
Marquinhos Trad é denunciado por ocultação de bens no MPE e TRE -   ;0
ebcnarede: Marquinhos Trad (PSD) vence a eleição para prefeito de Campo Grande (MS):  #Vot ;2
As dívidas de IPTU não podem ser cobradas de qualquer maneira. Vamos renegociar de forma humana e justa. #DebateTVMorena #RosePrefeita;1
No Portal LRNI: Marquinhos Trad e Rose Modesto debatem propostas na TV Morena -  ;2
Agora é 55  MARQUINHOS  TRAD  !!!;1
Campo Grande (TSE/17h35)Total Apurado: 51,35%Marquinhos Trad (PSD): 58,79%Rose Modesto (PSDB): 41,21%#Eleições2016;2
RT @rosemodestoms: Governo bem intencionado, que não é corrupto não tem medo de ser investigado. Vamos fazer CG ser transparente! #DebateTV;1
g1: Candidata Rose Modesto vota em Campo Grande  #Eleições2016 #G1  #TimBeta;2
"Descoberto o ""homem-bomba"" da Rose Modesto  ";0
Centro Oeste: Marquinhos Trad é eleito prefeito de Campo Grande  #NoticiaLivre via @NoticiaLivre;2
#OperacaoBetaLab Em Campo Grande: Marquinhos Trad tem 44% e Rose Modesto, 35%, diz Ibope: Marqu...  #SDV #TIMBETA;2
Prefeito - Campo Grande: Marquinhos Trad está em 1º lugar (31,82% das urnas)  #Eleicoes2016 #UOL via @UOLNoticias;2
Marquinhos Trad é eleito novo  prefeito de Campo Grande: Marquinhos Trad é eleito novo prefeito de Campo Gran... ;2
Rose Modesto em imagem postada em seu perfil no Facebook após resultado da apuração (Foto ... ;2
Marquinhos Trad vence em Campo Grande ;2
Verdade.  Que esse miserável, ladrão, corrupto nunca mais pise nesta cidade ;0
Rose Modesto e Marquinhos Trad percorrerão bairros e encontrarão eleitores. #CGNews #Eleições2016 ;2
Marquinhos Trad é eleito novo prefeito de Campo Grande -  ;2
g1: Candidato Marquinhos Trad vota em Campo Grande  #Eleições2016 #G1 ;2
A quatro dias da eleição, Marquinhos consegue 11 direitos de resposta contra Rose | Marquinhos Trad ;1
A adversária Rose Modesto (PSDB) elegeu 15 vereadores, sendo sete tucanos. Já o atual prefeito Alcides Bernal fez dois vereadores.;2
Campo Grande (MS): Marquinhos Trad está em primeiro com 58,74% enquanto Rose está com 41% com 96% das urnas apuradas.;2
Em Campo Grande, Marquinhos Trad, do PSD, é eleito prefeito ;2
quando a discussão sobre a Rose Modesto ser lésbica ou não se torna maior do que a eleição em si ;2
Vem com a gente, vamos juntos fazer a mudança de verdade! #JuntosPorCampoGrande #Agoraé45 ;1
RT @rosemodestoms: Tem que ter vontade, tem que ter honestidade, parceria e eficiência na gestão. #Transparência #DebateTVMorena #RosePrefe;1
RT @edil_silveura: Nada muda se você não muda! Vem com a gente, agora é ela!!!! 45 #RosePrefeita #JuntosporCampoGrande ;1
Quem ai vai votar na rose so pq ela n eh o marquinhos e segundo: pq ela n é trad;1
Respira candidata Rose Modesto  O jogo virou quem é da Lama Asfáltica quem quem... seu partido todo tem... ;0
O jogo virou #foraTrad #AgoraeRose  ;1
PARCIAL EM CAMPO GRANDE/MS  31,82% das urnas apuradas: Marquinhos Trad (PSD) 59,04% - Rose Modesto (PSDB) 40,96%;2
Marquinhos Trad ganhou nessa bucetaQ ÓDIO ;0
#Eleicoes2016: 51% das urnas apuradas em Campo Grande (MS). Marquinhos Trad (PSD) tem 58,79% dos votos e Rose Modesto (PSDB) tem 41,21%;2
"""Eu não sou fantasma"" TRAD, Marquinhos";2
Marquinhos Trad é eleito prefeito de Campo Grande:  ;2
#Acordabraziu Marquinhos Trad e Rose Modesto debatem propostas na TV Morena: Candidatos participaram de debat... ;2
Marquinhos Trad venceu. É eleito o novo prefeito de Campo Grande. #Eleições2016 ;1
Pesquisa indica vitória de Marquinhos Trad para prefeito de Campo Grande ;2
Política: Rose Modesto vota em Campo Grande ;2
Em #CampoGrande diferença diminui, mas Marquinhos Trad segue à frente com 55% dos votos válidos ;2
Gente, ele é de familia politica e a galera de campo grande é doida pra ser paulista. Só poderia dar merda. Se bem ;0
Espero que seja o Marquinhos trad;1
Com 58,74% de votos, Marquinhos Trad é eleito prefeito de Campo Grande  ;2
"""A candidata Rose Modesto faz campanha hoje junto ao público jovem"" ";2
eu assistindo a apuração dos votos ;2
Investir na prevenção vai ser sempre o melhor caminho. Não se trata só de reduzir despesas, mas de zelar pela vida das pessoas #RosePrefeita;1
#timbeta #globo Marquinhos Trad e Rose Modesto debatem propostas na TV Morena  #OperacaoBetaLab #Sigodevolta;2
hbeta15 Em Campo Grande: Marquinhos Trad tem 44% e Rose Modesto, 35%, diz Ibope: Marquinhos Trad tem ...  hbeta15;2
"Quem quer gasolina de ""graça"" ??? Gasolina paga com os aumentos abusivos de ICMS e IPTU na gestão Reinaldo-Rose ";0
Pesquisa mostra empate técnico entre Rose e Marquinhos Trad ;2
Meus cumprimentos a Marquinhos Trad e Rose Modesto pela disputa em nossa Capital. E o meu desejo de sucesso e... ;1
vou cobrar os ar condicionado nos ônibus em ;2
Marquinhos Trad (PSD) é eleito prefeito de Campo Grande  #Eleições2016 #CampoGrande;2
Rose Modesto agradece apoio dos campo-grandenses ;2
RT @rosemodestoms: Estou certa que vou recuperar a confiança das pessoas na política com o meu trabalho. #JuntosPorCampoGrande ;1
Marquinhos Trad é eleito prefeito com mais de 241 mil votos... ;2
"New post: ""Marquinhos Trad e Rose Modesto debatem propostas na TV Morena"" ";2
Como Marquinhos Trad consegue ser TÃO cínico???????;0
Marquinhos Trad vota em Campo Grande  #SomosTodosDilma #Raynniere #BuyRaynniereOnItunes;2
CHORA ROSE MODESTOCHORA PSDBCHORA SELENA GOMEZ DO PANTANALCHORA TV MORENACHORA MORENA MAIS LINDA DEPOIS DA MINHA ESPOSA (sic olarte);0
Campo Grande: Marquinhos Trad sai na frente em início de apuração ;2
22% vai vendo... ;2
(uol) Em Campo Grande: Marquinhos Trad tem 44% e Rose Modesto, 35%, diz Ibope: Marquinhos Trad tem 44% e Rose... ;2
GRAÇAS A DEUS ACABOUNÃO AGUENTAVA MAIS MARQUINHOS TRAD;0
MARQUINHOS TRAD É O NOVO PREFEITO DE CAMPO GRANDE MS  ;2
no veja Marquinhos Trad, do PSD, é o novo prefeito de Campo Grande  via veja;2
Hahaha Marquinhos Trad atacando mais que o ataque todo do Vasco (o que não é muito difícil);2
"RT @AdrielMattos: ""Candidato Trad, marca audiência com o governador. Faça essa pergunta pra ela."" (MODESTO, Rose) TOMA MAIS ESSA, DISTRAÍD";0
#timbeta #globo Marquinhos Trad vota em Campo Grande  #OperacaoBetaLab #Sigodevolta;2
Tô chocado com a fã base do Marquinhos Trad;0
Campo Grande - 51,4% das urnas apuradasMarquinhos Trad 58,79%Rose Modesto 41,21%;2
Galera,Quem foi q ganhou as eleições em Campo Grande?Rose Trad ou Marquinhos Modesto???;2
Daqui a pouco o Marquinhos Trad vai oferecer um milhão de reais em barra de outro para cada campo-grandense.;0
Tenho compromisso com setores gastronômico, hoteleiro e cultural. Também faremos CG referência no turismo. ;1
Candidatos avaliaram debate realizado pela TV Morena.Participaram Marquinhos Trad (...  ;2
Votar 45 é escolher por uma prefeitura preocupada com a educação e a formação do caráter dos alunos! #Ahorado45 ;1
#Eleicoes2016 @MarquinhosTrad é eleito prefeito de Campo Grande ;2
"""Candidato Trad, marca audiência com o governador. Faça essa pergunta pra ela."" (MODESTO, Rose) TOMA MAIS ESSA, DISTRAÍDO! #DebateTVMorena";0
"FOLHA DE SÃO PAULO.Marquinhos Trad ""RECEBIA DA ASSEMBLEIA"" enquanto era VEREADOR. ";0
Se Marquinhos Trad der uma secretária pro sobrinho do Zeca do PT, eu e uma galera vamos garantir que a vida dele se tranforme num inferno;0
Junto a gente vai crescer #AgoraéRose #JuntosporCampoGrande ;1
#timbeta #globo Rose Modesto vota em Campo Grande  #OperacaoBetaLab #Sigodevolta;2
Governador Reinaldo Azambuja recebe o prefeito eleito da Capital Marquinhos Trad ;2
Assista! #Agoraé45 #Rose45 #DebateTVMorena ;1
Rodada de pesquisas: Ibope Campo Grande: Marquinhos Trad tem 44% e Modesto, 35% -   ;2
Piadista de plantão (à moda de Laureano Secundo) diz que a posição de Marquinhos Trad desce como um tobogã... ;0
Política: Marquinhos Trad e Rose Modesto debatem propostas na TV Morena ;2
CAMPO GRANDE: Eleito Marquinhos Trad (PSD). #Eleições2016;2
Prefeitura de Campo Grande/MSMARQUINHOS TRAD: Votos: 239.228 - 58,76% (ELEITO)ROSE MODESTO: Votos: 167.878 -... ;2
#Eleições2016: Com 96,52% dos votos apurados, Marquinhos Trad (PSD) é eleito prefeito de Campo Grande, com 58,74%. ;2
Em Campo Grande: Marquinhos Trad tem 44% e Rose Modesto, 35%, diz Ibope: Marquinhos Trad ...  (via @EricBarbosa11;2
RT @tiosergioluiz: Rose Modesto reúne todas as condições e todas as qualidades de que Campo Grande necessita neste momento em que a... ;1
Vereadores denunciam Marquinhos Trad por supostamente esconder bens da Justiça Eleitoral ;0
Estação da Notícia » Marquinhos Trad é eleito novo prefeito de Campo Grande ;1
Borá de 45 #AgoraéRose #RosePrefeita #Sou45 #Somos45 #CampoGrande #MS #boanoite ;1
RT @pedro_pedao: Rose não conseguiu arrumar nem o cabelo dela, imagina se ela cai arrumar Campo Grande... E o Marquinhos Trad também outro;0
Campo Grande (TSE/17h55)Total Apurado: 98,98%Marquinhos Trad (PSD): 58,76%Rose Modesto (PSDB): 41,24%#Eleições2016;2
Ai miga, não sei porque mas tô te olhando com outros olhos. Seu partido vai contra tudo que eu acredito mas você me ;1
Marquinhos Trad 55 - Programa Eleitoral 2º Turno - 27/10/2016:  via @YouTube;2
cheguei em casa e qro saber o pq o marquinhos trad e o #DebateTVMorena tao nos trends;0
Marquinhos Trad pede terceiro direito de resposta, prontamente negado. #DebateTVMorena #Eleições2016;2
Marquinhos Trad eleito prefeito de Campo Grande #Eleicoes2016;2
Marquinhos Trad é eleito prefeito de Campo Grande  #Eleições2016;2
Marquinhos Trad (PSD) está matematicamente eleito prefeito de Campo Grande.;1
Quando vejo o marquinhos trad em segundo lugar nos trends!! HAHAHA amo minha capital ksks ;2
Grampo pode complicar a campanha de Marquinhos Trad  via @VEJA.com;2
O apoio e a força de cada um é cada vez mais importante! Agora é a hora do 45! #JuntosPorCampoGrande ;1
"Apurados CAMPO GRANDE-MS 96,52%Marquinhos Trad: 233.089 votos - 58,74%Rose Modesto: 163.751 votos - 41,26%#Eleicoes2016";2
Tanta coisa boa pra se falar e vcs ta falando de marquinhos trad tamarrado em nome de jesus;0
Marquinhos Trad vota em Campo Grande: Candidato do PSD votou acompanhado de familiares e assessores.Ele diss... ;2
Vamos lá pessoal dia 30/10 vote Marquinhos Trad Prefeito 55 esse é competente, sempre com a ;1
#timbeta #globo Marquinhos Trad (PSD) é eleito prefeito de Campo Grande  #OperacaoBetaLab #Sigodevolta;2
ROSE MODESTO É SAPATÃAAAAAAAAAO;0
RT @caminhaozinhof: meu coraçao ta mais repartido que o cabelo da rose modesto;0
A melhor maneira de saber o que a população precisa é ouvindo cada situação e buscar a melhor solução. Campo Grande ;2
Em Campo Grande: Marquinhos Trad tem 44% e Rose Modesto, 35%, diz Ibope: Marquinhos Trad tem 44% e Rose Modes...  ;1
Hj eu to só o cabelo da Rose Modesto;2
Chocada...o povo ainda elege ele #MARQUINHOS TRAD ;0
Marquinhos Trad ;2
Campo Grande tem jeito e o jeito é Rose. #AgoraéRose #RosePrefeita ;1
Amanhã vamos de Rose Modesto Rose45 sem duvida o melhor para Campo Grande! ;1
#EBC Marquinhos Trad é eleito prefeito de Campo Grande ;2
Marquinhos Trad é eleito prefeito de Campo Grande!;2
Metade das urnas apuradas mostra Marquinhos Trad na frente ;2
Pau no cu dos trad  e em vc q votou nele ;0
Goleada! Advogados de Marquinhos Trad ganham 97 ações contra Rose ;1
Em Fortaleza e em Campo Grande já começou.Em Campo Grande, o Marquinhos Trad tá atropelando a Rose Modesto!;1
"""Campo Grande: Marquinhos Trad sai na frente em início de apuração"" ";2
RT @senadormoka: Cumprimento a todos os prefeitos eleitos no país, especialmente os do PMDB e o de Campo Grande, Marquinhos Trad. Qu ;1
Marquinhos Trad ficha suja...e votaram nele...oh senhor. Campograndense gosta de ser gado da família Trad;0
RT @rosemodestoms: Eu não tenho nada a esconder. Toda a minha trajetória política não tem nem cheiro de corrupção. ;0
RT @Anadi_Paula: Marquinhos Trad ficha suja...e votaram nele...oh senhor. Campograndense gosta de ser gado da família Trad;0
A candidata Rose Modesto (PSDB) aparece pela primeira vez à frente do concorrente Marquinhos Trad. #Eleições2016 ;2
"Marquinhos Trad (PSD) eleito em Campo Grande (58,77%);1
MATO GROSSO DO SULMarquinhos Trad é eleito prefeito de Campo Grande;2
MS: Em queda nas pesquisas Marquinhos Trad tem 55% e Rose Modesto subiu para 45% nas  ;2
A família churrascaria Rio Grande do Sul está na torcida pelo nosso candidato Marquinhos Trad!  ;2
Aquele momento que sua cidade não sai mais dos treds Marquinhos trad;2
Com 100% das urnas apuradas, Marquinhos Trad (PSD) é eleito prefeito de Campo Grande, com 58,77% dos votos válidos. ;2
Aonde tão adesivando pra Rose Modesto tem uns 4 caras correndo, em volta dos carros parados, vestidos de fantasma.;0
@henri_matheuss assim como marquinhos trad na prefeitura de cg amem;1
"""(...) a cidade parou, ou melhor, regrediu em seu avanço"" Marquinhos Trad (PSD), deputado estadual e candidato... ";2
Rose Modesto - Notícias - Setor empresarial reafirma apoio a Rose e Cláudio na última semana de campanha ;1
Campo Grande (TSE/17h15)Total Apurado: 6,23%Marquinhos Trad (PSD): 60,19%Rose Modesto (PSDB): 39,81%#Eleições2016;2
Marquinhos Trad é eleito prefeito de Campo Grande: O candidato Marquinhos Trad (PSD) está ;2
Agora vai Campo Grande. ;2
Marquinhos Trad (PSD) é eleito prefeito de Campo Grande: Deputado estadual venceu Rose Modesto, do PSDB.No p... ;2
Marquinhos Trad é eleito prefeito de Campo Grande, no MS: iG São PauloCandidato do PSD obteve 58,7% dos votos... ;2
"New post: ""Marquinhos Trad (PSD) é eleito prefeito de Campo Grande"" ";2
Como que  alguém vota nesse Marquinhos Trad;0
votos na cand a pref Rose Modesto;2
Candidatos avaliaram debate realizado pela TV Morena.Participaram Marquinhos Trad (PSD) e Rose Modesto (PSDB). ;2
Marquinhos Trad (PSD) é eleito prefeito de Campo Grande  #SomosTodosDilma #Raynniere #BuyRaynniereOnItunes;2
Marquinhos Trad (PSD) é eleito prefeito de Campo Grande #G1 ;2
MS: Em Campo Grande pesquisa indica vitória de Marquinhos Trad para prefeito  ;1
"Rose Modesto, em Campo Grande Wilson Santos, em Cuiabá João Leite, em Belo Horizonte.Todos candidatos apoiados po ";2
#i5gornascimento @i5gornascimento Marquinhos Trad e Rose Modesto debatem propostas na TV Morena ;2
Marquinhos Trad (PSD) é eleito prefeito de #CampoGrande (MS) ao vencer Rose Modesto (PSDB) nas #eleicoes2016;2
RT @KessySouza: Apuração - Prefeito - Campo Grande: Marquinhos Trad vence as eleições  #Eleicoes2016 #UOL via @UOLNo;1
Nós já viramos! #Rose45 ;1
"""Marquinhos Trad"" #dançadosfamosos # rainner Cadette minha nota é 10";1
Escolher 45 é priorizar a qualidade da educação para nossas crianças! #RosePrefeita #AgoraéRose ;1
Entrevistei com exclusividade nesta semana os candidatos Marquinhos Trad e Rose Modesto. Na pauta das entrevistas... ;2
@AecioNeves tá em segundo também a Rose Modesto. Que morte horrível, hein, Aecim?;0
Eta Marquinhos trad novo pref..;2
RT @marcosgautto: marquinhos trad oferecendo 300 reais pros migo vota nele,  nada novo sob o sol;0
Ele conquistou 58,77%, que corresponde a 241.876 votos. Enquanto a concorrente Rose Modesto (PSDB) obteve 41,23%... ;2
Marquinhos Trad despenca na pesquisa na corrida pela prefeitura de Campo Grande ;2
Aécio Neves - Rose Modesto participa de ato político em Campo Grande - 20/10/2016 by Aécio  ;1
Eleitos pelo BrasilGeraldo Julio (PSB, Recife)Arthur Neto (PSDB, Manaus)Marquinhos Trad (PSD, Campo Grande)#Eleicoes2016;1
Fiquei passada...Amiga, aqui precisa melhorar tanto...como o povo não quer mudança?  Nao da p entender ;0
muito modesta ela ;0
RT @8thaisa: minha cidade nos trands por causa do debate da Rose modesto e do Marquinhos trad .....não vou mentir ..... adorooooooo  #Debat;1
#Operaçãoretweet Em Campo Grande: Marquinhos Trad tem 44% e Rose Modesto, 35%, diz Ibope: Marquinhos...  #betalab;2
Mãe de falso coordenador de Rose implica Marquinhos Trad -   ;2
Por pouco eu não atropelo um cabo eleitoral da Rose Modesto hoje, o maluco saiu do meio dos carros enquanto eu passava a milhão no corredor;0
"Na região Centro-Oeste, foram eleitos:- Iris Rezende (PMDB), em Goiânia (GO), com 57,70% - Marquinhos Trad... ";2
Marquinhos Trad é eleito prefeito de Campo Grande  #TribunaDoNorte;2
"""Marquinhos Trad, marca um horário com o governador "" hahahahahhahaha GRITO #debateTvMorena";2
Rose Modesto é a dilma tucana do Pantanal só não ve quem não quer #DebateTVMorena;0
#teamfollowback Em Campo Grande, Marquinhos Trad, do PSD, é eleito prefeito: Candidato conquistou 58...  #500aday;2
Auhsauhsauhsauhsa minha cidade nos trends por causa do marquinhos trad!!! AMEEEEEY KKKK;2
#rafaelsouzagame portalR7: Campo Grande elege Marquinhos Trad (PSD)  #Eleições2016 #OVotoN ;2
Marquinhos Trad é eleito prefeito de Campo Grande -  ;2
Campo Grande elege Marquinhos Trad (PSD)  ;2
RT @schllngs: E FUDEU DE VEZ Marquinhos Trad é eleito prefeito de Campo Grande - RÁDIO BLINK 102 FM ;0
MULHERES NO PODER!EUA - Confiança na vitória de Trump cai / aceitação de Hillary aumentaC. GRANDE #Rose45 deve... ;1
Governo bem intencionado, que não é corrupto não tem medo de ser investigado. Vamos fazer CG ser transparente! #DebateTVMorena #RosePrefeita;1
pensei q o nelsinho era legal mano ;0
Marquinhos Trad é eleito prefeito de Campo Grande ;1
Marquinhos Trad é eleito prefeito de Campo Grande  ;2
O meu governo fez em menos de 2 anos o que o governo da sua família não fez a vida inteira. #DebateTVMorena ;0
Cartada final de campanha Rose Modesto Tata na Campanha ;2
Eita @meninodiogo ;2
"""Nós não vamos investir R$ 100 milhões em publicidade"". (TRAD, Marquinhos) Vai mentir com essa cara de pau mesmo? #DebateTVMorena";0
RT @topnoticia: Rose Modesto - Notícias - Rose ultrapassa Marquinhos Trad ;1
Quando as crianças pensam que são super-heróis  #Arrow #iludidas #viciadas ;2
Candidata Rose Modesto vota em Campo Grande  #Eleições2016 #G1 ;2
Acompanhe ao vive pelo canal 6 e pelo G1Ms  #DebateTVMorena #RosePrefeita #Agoraé45 ;2
Marquinhos Trad e Rose Modesto debatem propostas na TV Morena  ;2
A Rose Modesto parece a Mara Maravilha.Isso não é bom.;0
Nelson TradNelsinho TradMarquinhos Trad;2
Exército desmente convênio com Marquinhos Trad para recuperar buraqueira da Capital ;0
É ele Marquinhos Trad nosso Prefeito e  Adriane Lopes vice. Deus é justo!;1
Prefeitura de Campo Grande/MS MARQUINHOS TRAD: Votos: 241.876 - 58,77% (ELEITO)ROSE MODESTO: Votos: 169.660 -... ;2
Campo Grande/MS: Rose Modesto 45 num dá viu... vcs lembram oq aconteceu c/ a ultima sapatona q foi eleita?;0
CAMPO GRANDEMarquinhos Trad (PSD): 60,21%Rose Modesto (PSDB): 39,79%;2
se é pra toma no cu vamo todo mundo fazer isso juntos ;0
Não tem coisa melhor do mundo do que fazer o que acredita e eu acredito em Rose Modesto e Cláudio Mendonça para... ;1
Marquinhos Trad vence eleições e será o próximo prefeito de Campo Grande ;2
Marquinhos Trad é eleito prefeito de Campo Grande - Diário Corumbaense ;2
Marquinhos Trad é eleito novo prefeito de Campo Grande ;2
Vereador eleito, Valdir Gomes dá um chute no PP e abandona a campanha de Marquinhos TradSerá o começo da... ;0
Marquinhos Trad é o melhor candidato a #CampoGrande, sem dúvida, o único desabor que visualizamos  foi a carta... ;1
Marquinhos Trad vota em Campo Grande #betalab #timbeta #OperacaoBetaLab #sdv #BETALab #rt #beta;2
Em Campo Grande, Marquinhos Trad tem 44% e Rose Modesto, 35%, mostra Ibope  ;2
#Eleições2016: Marquinhos Trad (PSD) é eleito prefeito de Campo Grande - MS;2
"""Candidato Trad, o senhor demorou a falar do governo"". (MODESTO, Rose) #DebateTVMorena #Eleições2016";2
#rafaelsouzagame g1: Candidato Marquinhos Trad vota em Campo Grande  #Eleições2016 #G1 ;2
Rose Modesto - Notícias - Em debate, Rose Modesto mostra que não tem o que esconder ;1
"""Candidato Trad, insistindo sempre em discutir o governo do estado"". (MODESTO, Rose) #DebateTVMorena #Eleições2016";2
RT @rosemodestoms: Vamos fazer asfalto de qualidade e recursos virão de parcerias do Governo do Estado e Ministério das Cidades. ;1
Marquinhos Trad, do PSD, ganha em Campo Grande com 59% dos votos ;2
Afonso Pena é Rose.#RosePrefeita #AgoraéRose ;1
mARQUINHOS TRAD GANHOU EU VOU SAIR BATENDO PANELINHA NA RUA;0
Tive que mandar mensagem pra Rose Modesto, foi mais forte que eu;2
Sorte do dia: eu não sou a Rose Modesto;0
Prefeito - Campo Grande: Marquinhos Trad vence as eleições  #Eleicoes2016 #UOL via @UOLNoticias;2
Estou aqui no Comitê 45 com a nossa futura prefeita Rose Modesto. Mande sua pergunta e saiba como será a gestão... ;2
Veja: Marquinhos Trad, do PSD, é o novo prefeito de Campo Grande: Político de uma das mais t...  Via @querubim_d4;2
Marquinhos trad eleito e já começa bem no seu primeiro dia de trabalho.. traz bastante chuva a Campo Grande;0
Marquinhos Trad do PSD venceu as eleições em campo grande MS vamos cobrar as promessas que ele fez.;1
Líder em Campo Grande, Marquinhos Trad recebia da Assembleia enquanto era vereador #queVergonha;0
Ao novo prefeito eleito Que assumiu compromissos, Será difícil de entregar, Tudo o que foi prometido, Cálculos ;0
Se nada der certo, Marquinhos Trad já pode ser cantor kkkkk #issocenumconta #debateTvMorena;1
Crivella no RioMarquinhos Trad em Campo GrandeAs cidades que gosto tão fazendo de tudo pra me ver longe;0
Rio de Janeiro/RJ: Marcelo Crivella (PRB)Belém/PA: Zenaldo Coutinho (PSDB)Campo Grande/MS: Marquinhos Trad (PSD)Macapá/AP: Clécio (Rede);1
Moradores e comerciantes do bairro Universitário pedem há anos por segurança e saúde. #RosePrefeita ;1
RT @raissaq_: boa noite menos pra qm votou no marquinhos trad;0
Eu durmo um pouco e já tem prefeito novo? É não é o Bernal?  Uhuuuuu que venha Marquinhos Trad, e amanhã todo... ;1
O prefeito eleito de Campo Grande Marquinhos Trad sai na frente e marca um GOLAÇO na construção de uma sociedade... ;1
Nada muda se você não muda! Vem com a gente, agora é ela!!!! 45 #RosePrefeita #JuntosporCampoGrande ;1
A velha politica que sempre fez pelos campo-grandenses, e vcs @rosemodestoms? Oq fizeram nesses 2 anos de governo? ;0
Que nojo desse Marquinhos Trad, muito cínico;0
marquinhos trad só passa vergonha;0
Pessima noite seus marquinhos trad;0
Esse cara não pode ganhar.Povo burro '-' ;0
Grande parceria com o governo federal golpistaaaaaa ;0
RT @rosemodestoms: 45 com a #ondadavitória e trazer a mudança de verdade para Campo Grande. Vem com a gente fazer a diferença! ;1
RT @rafatexera: Marquinhos trad eleito e já começa bem no seu primeiro dia de trabalho.. traz bastante chuva a Campo Grande;1
Tava torcendo pro Marquinhos Trad ganhar;1
E FUDEU DE VEZ Marquinhos Trad é eleito prefeito de Campo Grande - RÁDIO BLINK 102 FM ;0
votei no marquinhos trad!;1
Vem com a gente planejar e fazer um futuro melhor para nossa Campo Grande!#RosePrefeita #Rose45 ;1
Parabéns Campo Grande. Marquinhos Trad ;1
Ainda não vi quem vai votar na Rose Modesto de graça, ou neguinho tá trabalhando em sua campanha ou é recebedor de gasolina.;0
Marquinhos Trad é denunciado por omitir bens imóveis na Justiça Eleitoral ;0
Ter que escolher entre Marquinhos Trad e Rose Gaeco é tipo ter que escolher entre ser currado pelo time de... ;0
Bem feito dona Rose que de modesto não tem nada!;0
MARQUINHOS TRAD CHEIRA PÓ E FUNA MACHONHA;0
RT @gostozenha: entre marquinhos trad e rose eu prefiro a minha morte;0
Bonito, qe bonito hemmm..Qe lixooo, cê ta de brincadeiraa  ;0
Em Campo Grande, Marquinhos Trad, do PSD, é eleito prefeito  ;1
RT @li_bara: Que morte horrível - Marquinhos Trad eleito prefeito de Campo Grande;1
RT @PSDBMULHER45: Rose Modesto é única a aderir a plataforma da ONU Mulheres que pede igualdade de gênero  via @psdb;1
Vereadores acusam Marquinhos Trad de omitir imóveis ao declarar bens à Justiça Eleitoral  ;0
RESPONDE MARQUINHOS TRAD , MEU DEUS ESSE CARA É UM ATOR , VOCÊS QUEREM ISSO PARA CAMPO GRANDE ??????? ACORDA!!!... ;0
MPE e TCE investigam nomeação de Marquinhos Trad na Assembleia.ACORDA CAMPO GRANDE!!! ISSO É MUITO SÉRIO!!! ;0
Rose não conseguiu arrumar nem o cabelo dela, imagina se ela cai arrumar Campo Grande... E o Marquinhos Trad também outro fanfarrão kkkk;0
O candidato Marquinhos Trad, do partido PSD, vai governar Campo Grande pelos próximos 4 anos: ;1
No segundo bloco, os temas serão determinados por sorteio ao vivo. A cada nova pergunta, será sorteado um novo tema. #Agoraé45 #RosePrefeita;1
eu gostei dos projetos do marquinhos trad, o problema é ele ser irmão do fdp do nelsinho trad ex prefeito ladrão;0
Vamos de 55, amanha só vai dar Marquinhos Trad Prefeito de Campo ;1
Muito lindo isso Rose, a vitoria é nossaa. Obrigado Rose Modesto, serás a melhor prefeito que Campo Grande já teve. ;1
PSDB em Mato Grosso do Sul virou lixo, é uma pena... pois foi em cima da incompetencia tucana que tivemos que engol ;0
Governador vota e ressalta confiança na vitória de Rose Modesto ;1
O meu governo fez em menos de 2 anos o que o governa da sua família não fez a vida inteira. #DebateTVMorena ;1
Marquinhos trad em 1° nos trends, que loucura ;1
Marquinhos Trad falou que vai equipar as unidades de saúde com Fisioterapeuta! Agora vai #55;1
RT @guimafer_: Tem alguma coisa mais nojenta que essa M.. de campanha política de CG ? Eu não aguentoooo mais ouvir a voz daquele diaba da;0
Paula Gomes é garota propaganda do Marquinhos Trad;0
Rose Modesto - Notícias - Rose é ovacionada por moradores em caminhada no Dom Antônio Barbosa ;1
RTUOLNoticias: Marquinhos Trad (PSD) é eleito prefeito de Campo Grande  #Eleições2016 #CampoGrande#TimBeta#BetaLab;1
Marquinhos Trad ta mais perdido que cego em tiroteio;0
RT @juu_silvaa17: O Marquinhos é o cara da máscara de cavera q tá concorrendo com a mãe do Oliver q é Rose modestoPronto,ja temos oq comba;0
Rose Modesto - Notícias - Rose vai fazer mais por esporte e cultura, setores abandonados pelo Município ;1
"hururuururur nos comprimos com  nossa obrigação agora é vc Marquinhos Trad""";1
Que morte horrível - Marquinhos Trad eleito prefeito de Campo Grande;0
SURPRESA!!!Exército desmente convênio com Marquinhos Trad para recuperar buraqueira da Capital ;0
Rose Modesto cometeu os mesmos erros que alguns candidatos por ai, contratou uma equipe de marketing péssima.;0
é campo grandense e nunca viu o programa do marquinhos trad?   POSSE;1
Só eu que tenho nojo dessa Rose Modesto? Ela consegue ser mais falsa que as inimiga;0
A Juventude já sabe que Rose Modesto é a mudança certa para Campo Grande.#JuventudecomAzambuja #RosePrefeita... ;1
ala marquinhos trad ganhou;1
RT @rosemodestoms: Corrupção também foi tema no debate. Sempre fui transparente e não tenho nada a esconder. #DebateTVMorena ;1
@rosemodestoms Nada muda se você não muda! Vem com a gente, agora é ela!!!! 45 #RosePrefeita #JuntosporCampoGrande;1
RT @FranMF_: Marquinhos Trad falou que vai equipar as unidades de saúde com Fisioterapeuta! Agora vai #55;1
"RT @raimariank: Aqui no MS - Campo Grande, ganhou Marquinhos Trad, um esquerdista que dara sequencia ao ""destrabalho"" de Bernal que assinou";0
Vai começar o debate! Acompanhe, compare as propostas e faça a escolha certa! #DebateTVMorena #RosePrefeita ;1
vai marquinhos trad #55;1
Marquinhos TRAD falar de hegemonia de poder é meio... Hipócrita, não acha? ;0
Vote certo, vote em Rose Modesto número 55;1
Sou Bernal e Marquinhos! Sem duvida foi a melhor escolha! #JuntosPorCampoGrande #11x5=55 #LevantaCampoGrande;1
So quero ver oq Marquinhos Trad vai fazer em... ja sabemos que o apoio do governador não terá... Por isso q seria bom eleger a Rose;0
RT @adrgranville: Querido diário, hoje fui obrigado a sair de casa pra escolher entre marquinhos trad e rose modesto;0
mas ele ganhou ;1
Marquinhos trad ganhou... Ainda bem que estou indo embora, boa sorte Campo grande;0
Após derrota, comitê de Rose Modesto tem tristeza e discursos | Campo Grande News - ;0
RT @rosemodestoms: Estamos prontos para fazer a melhor gestão para Campo Grande e o meu vice, Claudio Mendonça, tem um recado pra você ;1
RT @sometimessweety: Rose Modesto é a dilma tucana do Pantanal só não ve quem não quer #DebateTVMorena;0
Turismo é com o Marquinhos Trad ;1
LIXO ;0
Vai se ferrar Marquinhos Trad seu corno!!! ;0
Eeee Marquinhos Trad a máscara caiu feio!!#45_mudança_já ;0
Com humildade e carinho peço o seu voto para Rose Modesto e te convido para fazer parte da mudança de verdade!... ;1
RT @garbinel: marquinhos trad citou bruno e marrone no debate, boa noite.;0
Pesquisa revela empate técnico com tendência a virada de #Rose45Marcos registrando 34%#Rose45 com 32% das... ;1
Hoje é o dia da mudança! Vote 45! Rose Modesto para prefeita de Campo Grande! ;1
Marquinhos Trad falando que é contra a hegemonia na política. Veja bem, Marquinhos TRAD HAHAHAHAHA é muito cinismo! #DebateTVMorena;0
Rose Modesto demonstra gratidão pelos eleitores no 2º turno ;1
RT @andresalineiro: Estou aqui no Comitê 45 com a nossa futura prefeita Rose Modesto. Mande sua pergunta e saiba como será a gestão... ;1
Parabéns aos Marquinhos Trad pela vitória na eleição para prefeito de Campo Grande! #Eleicoes2016;1
Uma escolha que vai mudar nossas vidas pelos próximos 4 anos. Escolha consciente!  #RosePrefeita ;1
Por uma Prefeitura que não fecha os olhos para as necessidades da população. #RosePrefeita #AgoraéRose #Rose45 ;1
Mesmo estando na frente o Markulino Trad não para de atacar a candidata Rose Modesto, será que o Trad aprendeu com o Delcídio.;0
RT @TaniaBraga: Grande parceria com o governo federal golpistaaaaaa ;0
Tem alguma coisa mais nojenta que essa M.. de campanha política de CG ? Eu não aguentoooo mais ouvir a voz daquele diaba da Rose Modesto !;0
Tem que ter vontade, tem que ter honestidade, parceria e eficiência na gestão. #Transparência #DebateTVMorena #RosePrefeita;1
Não conheço a Rose Modesto de Campo Grande, mas gostei dos Trad quando morava lá.  Ta bom q nao foi PT nem PSDB q venceu #Eleicoes2016;1
RT @badbitcxs: marquinhos trad eh fei demais;0
RT @valor_economico: Campo Grande: Marquinhos Trad é eleito prefeito ;1
Parado no semáforo e menino veio pedir meu voto pro Marquinhos trad, eu disse sim só pq era bonito;0
RT @badgalpp_: é campo grandense e nunca viu o programa do marquinhos trad?   POSER;1
RT @manoelspecort: Aécio chega à Capital e destrói campanha de Rose Modesto. (Adaptado) ;0
Na moral essa Rose Modesto ta muito insegura no debate;0
Marquinhos Trade Mente !!!Desde as primeiras pesquisas de intenção de voto, o canditado Marcos Trad, sempre... ;0
Campo Grande elege Marquinhos Trad prefeito  ;1
A nossa campanha não pára. A eleição termina dia 30.#AgoraéRose #JuntosporCampoGrande #JuntoscomRose ;1
@vxstal enquanto isso em cg ms marquinhos trad....;0
já estou ate vendo o caos q campo grande vai entrar com o Marquinhos Trad;0
será q o asfalto fica bom agr ;0
Vote Marquinhos Trad 45 ;1
"Aqui no MS - Campo Grande, ganhou Marquinhos Trad, um esquerdista que dara sequencia ao ""destrabalho"" de Bernal que assinou com o PCdoB";0
RT @HBKiba: Marquinhos TRAD falar de hegemonia de poder é meio... Hipócrita, não acha? ;0
RT @Delasnieve: GANHAMOSSSSSSSS  .55!!! BOA  SORTE,  PREFEITO  MARQUINHOS TRAD! !;1
"DEU NO ""PORTAL DO ZACARIAS"":Marquinhos Trad é eleito prefeito de Campo Grande.... ";1
RT @rosemodestoms: Para a região das Moreninhas, vamos recapear algumas ruas que estão em péssimo estado e colocar asfalto de qualidade. #R;1
RT @AecioNeves: Rose Modesto tem qualidades e preparo para administrar a prefeitura de Campo Grande, a exemplo do governador Reinaldo Azamb;1
Tá pra nascer mais cínico que Marquinhos Trad.;0
boa noite menos pra qm votou no marquinhos trad;0
Campo Grande elege Marquinhos Trad (PSD)  #Eleições2016 #OVotoNaRecord ;1
Marquinhos Trad (PSD) é eleito prefeito de Campo Grande #betalab #timbeta #OperacaoBetaLab #sdv #BETALab #rt #beta;1
Donald Trump e Marquinhos Trad, duas faces da mesma moeda! Veja você mesmo  ;0
Marquinhos Trad ficou dois blocos atacando Rose Modesto. Quando ela resolveu falar também, fez o sonso coitadinho. Escrúpulo nenhum.;0
RT @AecioNeves: Aécio e líderes tucanos unidos em apoio à candidata Rose Modesto em Campo Grande (MS). ;1
Vamos fazer asfalto de qualidade e recursos virão de parcerias do Governo do Estado e Ministério das Cidades. ;1
Não sei se rio, se choro. Só resta pedir misericórdia pela cidade ;0
Nenhum dos dois presta!! Essa é a verdade!! Ambos tentam ganhar atacando o outro!! ;0
muito ruim quando sua amiga apoia a rose modesto,da vontade de bater na cara dela;0
Agora é Rose!! 45 rosemodestoms #RosePrefeita #Somos45 #PrecisamosDeMudança #Tmj #TamoJunto ;1
RT @rosemodestoms: Aprendi a honrar o nome e a minha palavra com os meus pais. Quero ser prefeita, fazer diferente e deixar bons resultados;1
GRAÇAS A DEUS o segundo turno é domingo e essa musiquinha infame do Marquinhos Trad vai sair da minha cabeça;0
Marquinhos Trad é eleito prefeito de Campo Grande  #Sou #Botafogo;0
o marquinhos trad arregala muito o olho isso dá medo;0
Eleito Marquinhos Trad no MS. Muito engraçado o jeito dele, dei uma olhada no debate;0
FORÇA TAREFA DA CANDIDATA ROSE MODESTO DO PSDB ESTÃO PROCURANDO VASCULHANDO VIDA POLÍTICA DO CANDIDATO MARCOS... ;0
Eu tenho vergonha da Rose Modesto. #DebateTVMorena;0
@dveigasilva @folha Aqui eu espero que ROSE MODESTO ganhe! Marquinhos Trad e a família governam Campo Grande há anos e so problemas!!;1
Vou honrar o apoio, os votos, as parcerias e principalmente as pessoas! #AgoraéRose #Rose45 ;1
Com mais de 70 mil votos de vantagem, Marquinhos Trad é o novo prefeito de Campo Grande ;1
Rose modesto e seu vitimismo;0
O Marquinhos é o cara da máscara de cavera q tá concorrendo com a mãe do Oliver q é Rose modestoPronto,ja temos oq combater  @laydorna2;0
RT @fcisma: Campo Grande tem Jeito e o Jeito é Rose Modesto 45 .... ;1
"Parabéns, #CampoGrande, pela escolha de Marquinhos Trad (PSD), que defendeu desenvolver ""a autoestima"" dos moradores#GolpeNoBrasil";0
RT @rosemodestoms: Um governo humano e justo que sabe onde e como investir é capaz de mudar a realidade de uma cidade inteira. #Rose45 ;1
Ninguém governa sozinho. Meu grupo vai ter critério técnico e não tenho problema de apresentar minha equipe. #DebateTVMorena #RosePrefeita;1
Se relâmpago Marquinhos trad for prefeito tão ruim quanto ator tamo fodido;0
Campo Grande: Marquinhos Trad lidera apuração com 58,61% de votos  ;1
RT @LucaMaribondo: Rose Modesto é a candidata mais cotada pra fazer de Marquinhos Trad prefeito.;0
pensei em ir fantasiado de Rose Modesto mas não tenho peruca preta com franja =/;0
Uma linda homenagem para a nossa candidata Rose Modesto. #AgoraéRose ;1
Eu ri que nem uma égua véia desgraçada quando o cara falo FUDITRUQUI na propaganda do marquinhos trad.;0
"""Marquinhos Trad ganhou"" EU TÔ TRISTE, NÃO TÔ FELIZ";0
RT @andremcg: A BRUXA DO 45 VAMOS QUEIMAR ELA NAS URNAS COM MARQUINHOS TRAD 55 PREFEITO NO DIA 30. ;0
Votação Modesta de Rose.  :P ;0
Marquinhos Trad pede quarto direito de resposta, prontamente negado. #DebateTVMorena #Eleições2016;0
Justiça suspende Facebook da Vice-governadora Rose Modesto ;0
Leia na edição desta quinta-feira do Jornal O Estado de Mato Grosso do Sul: Marquinhos Trad é acusado de... ;0
A eleição em CG é fantástica ;0
Borá?! Vamos fazer a diferença! #JuntosPorCampoGrande #AgoraéRose45 ;1
RT @PSDBMULHER45: Aécio visita Campo Grande e destaca candidatura de Rose Modesto ;1
RT @sulmatononsense: A Rose Modesto parece a Mara Maravilha.Isso não é bom.;0
"A trend ""marquinhos trad"" em segundo lugar serve para mostrar ao Brasil que sim, nós temos internet!";1
Governador vota e ressalta confiança na vitória de Rose Modesto | Campo Grande News - ;1
É Rose Modesto, modéstia à parte baixaria demais não ganha eleição, tchau querida, é 55 é Marquinhos Trad,... ;0
O lado bom é que a Rose Modesto perdeu o lado ruim é que o Marcos Trad ganhou;0
MS: Vereadores eleitos alegam que Marquinhos Trad não declarou terrenos, que ele doou para  ;0
Não sei vocês, mas a Rose Modesto tentando chorar no HP dela não tá muito convincente, sério... ;0
Eu não tenho nada a esconder. Toda a minha trajetória política não tem nem cheiro de corrupção.  #RosePrefeita;1
45 com a #ondadavitória e trazer a mudança de verdade para Campo Grande. Vem com a gente fazer a diferença! ;1
Na Reunião da virada, Agora é 45, Rose! #Rose45 ;1
Vamos juntos fazer a mudança de verdade! #Agoraé45 #JuntosPorCampoGrande ;1
E os 2 espertos rose e marquinhos trad ao inves de usar o horário político deles pra falar esse tipo coisa usam pra se atacar;0
RT @vinidelvecchio: Pessima noite seus marquinhos trad;0
RT @hey_isah: Marquinhos Trad falando que é contra a hegemonia na política. Veja bem, Marquinhos TRAD HAHAHAHAHA é muito cinismo! #DebateTV;0
Um governo humano e justo que sabe onde e como investir é capaz de mudar a realidade de uma cidade inteira. #Rose45 ;1
Parabéns ao prefeito eleito Marquinhos Trad. Que Deus o ilumine para que faça um mandato onde as pessoas estejam em primeiro lugar.;1
"Quem votou no Marquinhos Trad só tenho q dizer uma coisa, qnd ele afundar Campo Grande, n venham de frescura chamando ele de "" corrupto """;0
Com muito trabalho e dedicação vamos conquistar a vitória no dia 30 de Outubro. Rose Modesto 45 ... ;1
RT @anahargreaves: Que nojo desse Marquinhos Trad, muito cínico;0
@Elivyn_Correa MARQUINHOS TRAD ESSE É COMPETENTE;1
"RT @mavicalia: o fato de eu ter sonhado que falava bem assim ""vamos de marquinhos (trad)?"" ao pedir voto já diz muito";1
minha cidade nos trands por causa do debate da Rose modesto e do Marquinhos trad .....não vou mentir ..... adorooooooo  #DebateTVMorena;1
Rose Modesto fez cosplay de Aecio investiu milhões e milhões na campanha e acabou perdendo. Vai aguardar um rancor lascado #Eleicoes2016;0
Agora é Rose! #Rose45 ;1
Enfiemmmmm o dedão no nariz ;0
sonhei de novo com marquinhos tradnão sei oq esta havendo;0
Que vergonha dessa gente da minha cidade q votou no Marquinhos Trad;0
Vale a pena ser 55 e Trad..É Marquinhos. .Vitória 55...Equipe faz a diferença. ..;1
Quando vem palavras de uma senhora EXPERIENTE, espontânea com certeza é de muito valor, ouçam:#Rose45 #RosePrefeita ;1
Campo Grande: Marquinhos Trad vence as eleições ;1
Marquinhos trad eleito mores;1
