‚ÄúHan Solo Uma hist√≥ria Star Wars‚Äù tem pr√©estreia no JK¬†Iguatemi,1
Amei Han Solo mas acho que ficou muito com√©dia rom√¢ntica,2
T√¥ morta de cansa√ßo vou deixar para escrever a resenha s√≥ quando acordar mas j√° adianto que eu AMEI o filme e que,2
Existe um √≥timo filme em Han Solo com uma jornada de autodescoberta extremamente interessante de seu personagemt√≠,2
ok quem vai assistir Han Solo comigo hoje eu pago a pipoca,1
Gente han solo √© um filme bem maneiro nao √© nota 10 mas tem seu 810 bem merecido,2
Ow cinepolisbrasil itaucinemas o Deadpool 2 saiu definitivamente do cartaz das salas IMAX pra Han Solo entrar ou ainda v√£o dividir sala,1
RT PCinevisao O Cr√≠tico de cinema Eduardo Miranda fala sobre o lan√ßamento do dia 24 de maio de 2018 HAN SOLO UMA ,1
Rapaz Quanto reviews ruins de Han Solo ,0
T√£o hoje √© a estreia do filme do Han Solo date,1
HAN SOLO Uma Hist√≥ria Star Wars 2018  Cr√≠tica,1
HanSolo √© aquele filme que todo mundo sabia que era desnecess√°rio e que tinha tudo pra dar errado No fim deu mui‚Ä¶ ,0
Han Solo Uma Hist√≥ria Star Wars chega aos cinemas para contar vida do famoso contrabandista,1
o cartaz √© de han solo mas pelo visto o principal mesmo √© lando ,1
Porque eu simplesmente n√£o suporto qualquer coisa relacionada a Deadpool e acho que as pessoas est√£o reclamando de Han Solo por birra,0
Eu queria ver Han Solo mas o Bruno quer ver Deadpool,1
Infantilizado e cheio de gargalos Han Solo Uma Hist√≥ria Star Wars decepciona ,0
Han Solo estreia hoje  N tenho ngm pra ir cmg N tenho tempo pra ir Dinheiro comprometido  Eu t√¥ triste eu n√£o t√¥ feliz,1
Han Solo n√£o √© ruim n√£o Vale a pena at√©,2
J√° tem trocentas cr√≠ticas de Han Solo  Uma Hist√≥ria Star Wars O pessoal √© r√°pido demais,1
RT StarWarsBR Ningu√©m segura a Millennium falcon Han Solo Uma Hist√≥ria Star Wars 24 de maio nos cinemas,2
Queria ir assistir Han Solo mas n√£o tenho Dinehiros,1
n to nem um pouco empolgado com han solo acho q vai ser flop onde ja se viu starwars no meio do ano,0
√â foda porque eu tive um dia bom fui ver Han Solo com o moz√£o ali√°s puta filme tava de boa A√≠ chego em casa e fico deprimida,2
hoje o dia vai ser dedicado aos jogos online e assistir han solo no royal,1
RT dinotv Ent√£o Han Solo √© um filme dos Trapalh√µes com muito or√ßamento,0
muito que bem hoje tem lan√ßamento de han solo e se for apenas massacre da cr√≠tica sobre o filme espero que isto mot‚Ä¶ ,0
normalmente n√£o deixo a cr√≠tica e coment√°rios me afetar mas confesso que DESEMPOGUEI com Han Solo üò®,0
RT shconquistasul Hoje chega ao Moviecom do Conquista Sul uma aventura completamente diferente e divertida Embargue nessa aventura na co‚Ä¶,2
RT StarWarsBR H√° uma li√ß√£o a ser aprendida aqui Han Solo Uma Hist√≥ria Star Wars 24 de maio nos cinemas,2
eu n√£o sei se assisto han solo,1
Han Solo Algu√©m como eu Tully e Antes que eu me esque√ßa s√£o estreias da semana nos cinemas G1 comenta em‚Ä¶,1
E no email Mercen√°rio ladr√£o e canalhapensei q estavam falando do Conde Dr√°cula mas era s√≥ o an√∫ncio do filme do Han Solo,1
acordei feliz porque hoje tem Han solo lt3,2
Pro pessoal que quer zoar han solo ou starwars em geral a marvel nunca NUNCA fara uma saga de filmes tao foda quan‚Ä¶,2
Ela t√° bem ela s√≥ achou Han Solo uma bosta de filme,0
Han Solo Uma hist√≥ria Star Wars √© a prova do decl√≠nio que o politicamente correto pretende levar a s√©tima arte HanSolo WaltDisney,0
s√≥ lembrando a todo mundo que o Han Solo √© um caminhoneiro espacial,1
Han Solo foi um filme nota 775 para mimn√£o foi magn√≠fico mas n√£o foi ruim divertido assistir,2
TozzaFla o Meng√£o foi mais ou menos mas o Han solo √© desnecess√°rio horr√≠vel,0
Han Solo √© maravilhoso Ontem eu fiquei t√£o feliz em poder assistir a pr√© estreia que eu s√≥ sabia ficar tranquila s‚Ä¶ ,2
eu to cansada de estudar marketing eu s√≥ quero assistir han solo,1
eu ainda n√£o acredito que vi uma explica√ß√£o para o nome han solo,1
Mas terei uma pausa muito boa agora ent√£o vou descansar um pouco e recuperar o tempo perdido O que n√£o garante qu‚Ä¶,1
Na ultima meia hora de Han Solo eu s√≥ consegui pensar que eu fiquei atra√≠da pelo ator principal porque alguma coisa‚Ä¶ ,2
Minha empolga√ß√£o com a estr√©ia do filme do Han Solo ,2
poxa hoje √© a estreia do star wars do han solo pqp aaaaaaa,2
ali√°s algo que se comprovou nesses 2 dias foi a teoria de como criar expectativas pode estragar tudo Deadpool 2 MU‚Ä¶,0
Quem vai me convidar pra assistir o filme do Han Solo Isso mesmo o meu paizinho,1
Han Solo Algu√©m como eu Tully e Antes que eu me esque√ßa s√£o estreias da semana nos cinemas G1 comenta em‚Ä¶ ,1
achei han solo nota 810,2
RT cineroxy Mario Vicente Ferreira Barbosa do f√£ clube Posto Avan√ßado Baixada Santista de Star Wars convida para a Noite Han Solo  St‚Ä¶,1
Eu acho que vou pular esse filme do Han Solo dos cinemas viu hahahahaha ,0
bernardocury elrafosaldanha leotorres N√£o prefere ir ver a bomb digo filme do Han Solo,1
Tenho que ir assistir Han solo porra,1
Sobre o filme do Han Solo muito bom Me surpreendeu positivamente e n√£o foram atr√°s da solu√ß√£o mais f√°cil,2
ZokComics jovemnerd Nem tanto amigo Se gosta de sw vai gostar de Han Solo nem que seja um pouquinho rsrsrs,1
RT EABrasil Forme sua dupla no modo Duelo de Her√≥is com batalhas 2v2 estrelando alguns dos seres mais poderosos da gal√°xia em StarWars‚Ä¶,1
RT CCXPoficial Han Solo tem a Millenium Falcon Harry Potter tem Hogwarts Voc√™ tem o mapa com as ativa√ß√µes que a CCXP18 ter√° Em breve‚Ä¶,1
preciso de alguem pra ir ver han solo cmg,1
Algu√©m assistiu a pr√© estr√©ia de Han Solo,1
RT isadoraggondim Por que diabos o filme do han solo s√≥ tem sess√£o em 3D plmdd que ABUSO eu tenho de 3D merm√£o,1
como assim han solo ja ta nos cinemas,1
Quero muito assistir Han Solo,1
Gostei de um v√≠deo YouTube  MAUL EM HAN SOLO UMA HISTORIA STAR WARSSPOILERS,1
HAN SOLO ‚Äì UMA HIST√ìRIA STAR WARS Han E Qi‚Äôra Conversam Em Novo Clipe ,1
Meus filmes acumularam queria ver avengers dnv mas j√° lan√ßou Deadpool e han Solo lan√ßa hj,1
tarc1sio Han Solo sem Han Solo √© golpe kkkkkkkkkkkkk,0
O aguardado Han Solo Uma Hist√≥ria Star Wars chegou aos cinemas Quem est√° curioso pelo filme,1
Nem estou surpreso em saber q ta uma merda o filme do Han Solo Bem deprimente dizer isso ,0
Han Solo Algu√©m como eu Tully e Antes que eu me esque√ßa s√£o estreias da semana nos cinemas G1 comenta em‚Ä¶ ,1
Han Solo Uma hist√≥ria Star Wars  2305  JK Iguatemi ,1
Ainda estamos nos recuperando da pr√©estr√©ia de Han Solo √ìtimo filme V√° ao cinema e divirtase porque o produt‚Ä¶ ,2
esse filme do Han Solo foi meio decepcionante,0
Han solo estr√©ia hoje e eu ainda nem vi deadpoll 2 üò£üòî,1
Inclusive ansiosa demais pelo Han Solo de mais tarde,1
fico triste de estar atrasada c os filmes come√ßou han solo e eu nem vi deadpool ainda,1
‚ÄòHan Solo‚Äô √© a principal atra√ß√£o nos cinemas de Manaus neste fim de semana,2
 HAN SOLO QUE FILME AS REFER√äNCIAS E AS ABERTURAS PRA NOVOS ENREDOS FOI OLHA,2
Dois dos tr√™s reviews sem spoiler que vi na minha timeline sobre o filme do Han Solo foram favor√°veis sendo que a‚Ä¶,2
Hoje vou ver o Han Solo espero que o vosso dia tamb√©m esteja a correr bem,1
Confira os  ‚ö†‚ùå lan√ßamentos ‚ùå‚ö† em cartaz no cinema de Marab√°  Voc√™ Pode Ser ,1
NoAr  Revista Eletr√¥nica  Sandra Bittencourt fala da grande estreia da semana Han Solo  Uma Hist√≥ria Star Wars‚Ä¶ ,1
Como filme han solo at√© passa mas √© um prel√∫dio desnecess√°rio que tenta explicitar d√∫vidas cl√°ssicas tipo como ha‚Ä¶ ,0
Entrada para Han Solo mais tarde j√° est√° na m√£oe ver umas opini√µes bem divergentes por ai est√° me deixando mais ansiosa  HanSolo,1
n√£o to aguentando a ansiedade de ver logo Han Solo,1
RT StarWarsBR Voc√™ tem um encontro marcado com EmiliaClarke como Qi‚Äôra em Han Solo  Uma Hist√≥ria Star Wars 24 de Maio nos cinemas ,1
mjulieto J√° teve Vingadores Deadpool e agora Han Solo N√£o sobrou dinheiro,1
Gostei de um v√≠deo YouTube UM FUNKO DO HAN SOLO DIY  Victor Lamoglia,1
Han Solo Uma Hist√≥ria Star Wars estreia hoje nos cinemas e n√≥s j√° temos CR√çTICA no site Leia aqui‚Ä¶ ,1
Harrison Ford gostou da nova vers√£o de Han Solo Uma Hist√≥ria Star¬†Wars ,2
Bom dia Chewbacas Hoje √© dia de ver a Disney estragar um dos her√≥is da minha vida ou ser√° que n√£o Hoje √© dia de Han Solo,1
J√Å PEGA A PIPOCA  O dia da estreia de Han Solo Uma Hist√≥ria Star Wars finalmente chegou Al√©m das novas aventura‚Ä¶ ,1
Han Solo estreando na semana mais ca√≥tica de Maio,1
Vou assistir Han solo sozinha kkkk por motivos de s√≥ tenho amigos fur√µes,1
Gente como assim n√£o ta passando o filme do han solo em ja√∫,1
Descubra a ilha que serviu de cen√°rio para o √∫ltimo filme da saga de STAR WARS que estreia hoje‚Ä¶ ,1
To com medo de Han Solo ser ruim agr,0
cestjuliana Medo do que eles v√£o fazer com o do Kenobi se √© que eles v√£o fazer Acho que esse √© o que a galera te‚Ä¶ w,1
algu√©m quer ir pra Mar√≠lia ver o filme do han solo,1
sinceramente hoje eu to muito bonito pra vcs n√£o me chamarem pra ir no cinema assistir Deadpool ou Han Solo ou at√©‚Ä¶,1
Han Solo tem cena p√≥s cr√©dito e eu posso provar s√£o os eps IV V VI e VII,1
Continuo em busca de cia p assistir Han Solo comigo amanh√£ √†s 1920,1
Da direito a andar na na nave de Han Solo ,1
Filme do Han Solo √© t√£o ruim assim Eita,0
Teve gente que odiou o filme do Han Solo xiiiiii,0
Han Solo estr√©ia hoje mas voc√™s v√£o ser legais e v√£o segurar os spoilers a√≠ n√©,1
No fundo eu to feliz que o filme do han solo seja ruim pois estou sem dinheiro pra ir ao cinema,0
eu quero assistir han solo aaaaaaa,1
Preciso ver Han Solo pqp,1
Preciso ir no cinema ver deadpool e Han solo,1
queria assistir a pr√©estreia de Han Solo ao lado da pessoa que eu gosto,1
ga6rielb oi anjo Vamos ver o filme do Han Solo Bjs,1
I liked a YouTube video  HAN SOLO UMA HIST√ìRIA STAR WARS  5 Perguntas SEM Spoilers  OmeleTV,1
Com poucas  revelaÔøΩÔøΩes spinoff de Guerra nas Estrelas chega ÔøΩs telas ,0
eu estava 0 animada para ver han solo e agora depois de ver os coment√°rios eu acho q n√£o vou mesmo gastar meu dinheiro indo no cinema,0
Han Solo Uma Hist√≥ria Star Wars  P√¥ster 26  via crazyseawolf hansoloumahist√≥riastarwars,1
Han Solo estreando hoje e eu com um total de 0 zero empolga√ß√£o em gastar tempo e dinheiro indo ver,0
j√° deve ser melhor que Han solo ,0
quero assistir han solo s√≥ falta o tempo mesmo,1
Mano na moral alguem vai cmg assistir o filme do Han Solo,1
Han Solo Algu√©m como eu Tully e Antes que eu me esque√ßa s√£o estreias da semana nos cinemas G1 comenta em‚Ä¶ ,1
neuromanso Eu gostei de Han Solo,2
Diferente dos filmes de star Wars eu n√£o tava nem um pouquinho afim de pra assistir esse filme do Han solo eu n√£o‚Ä¶ ,0
Por√©m como eu nunca aprendo fui ver o filme do han solo meia noite cheguei agorinha em casa e to louca procurando‚Ä¶ ,1
Han Solo Uma Hist√≥ria Star Wars  Estreia hoje 24052018 Em ousadas aventuras no submundo do crime Han Solo f‚Ä¶ ,1
O que voc√™ achou de Han Solo  Sem spoilers,1
Saiba mais sobre o ator Alden Ehrenreich o novo Han Solo  ,1
Sobre han solo  n√£o vai esperando um han solo do harrison ford porque essa n√£o √© a ideia a hist√≥ria √© ele antes d‚Ä¶ ,1
quero muito ir ver han solo mas to com tanto sono q nem sair da cama eu consigo,1
nao vou poder ir ver han solo hoje ,1
RT omelete Que fofura Pra celebrar a estreia de Han Solo o Twitter ganhou emojis especiais HanSolo Lando Qira Chewbacca,2
bom meninas o ingresso de han solo j√° est√° comprado,1
Han Solo Uma Hist√≥ria Star Wars √© a maior estreia da semana ,1
Han Solo estreio hoje pena que s√≥ vou poder ver quando voltar de viagem,1
Han Solo uma hist√≥ria Star Wars estreia nos cinemas da Para√≠ba ,1
acabei de ver han solo e nossa que filme caralho ‚ù§Ô∏è‚ù§Ô∏è‚ù§Ô∏è‚ù§Ô∏è,2
hoje tem han solo e eu nao vou poder ir ver pq nao d√° pra faltar aula parabens aos envolvidos,2
J√° vi MUITOS reviews de Han Solo falando que √© bom Agora vem o Jovem Nerd falando que a melhor parte do filme s√£o‚Ä¶ ,2
antes que eu me esque√ßa Han Solo vai fazer eu assistir Star Wars Rebels finalmente,1
Filme solo do Han Solo assistido segue aqui meu review livre de spoiler   Minha rea√ß√£o ao filme quando ele acabou‚Ä¶ ,1
Parece q a galera t√° saindo do filme do Han Solo igual a galera q tava na premia√ß√£o do felipe neto,0
Mario Vicente Ferreira Barbosa do f√£ clube Posto Avan√ßado Baixada Santista de Star Wars convida para a Noite Han‚Ä¶ ,1
Hj lan√ßa o filme do han solo,1
To com medo de ver o Filme do Han Solo pessoal caiu matando em cima,0
Em algum canto dos est√∫dios Disney tem algum empres√°rio chorando em sil√™ncio por n√£o terem feito um filme solo e j‚Ä¶ ,0
Han Solo  StarWars vou nem falar nada Era melhor ter ido ver o filme do Pel√©,0
aaa esse ano s√≥ t√° saindo filme top man PANTERA NEGRA VINGADORES GUERRA INFINITA DEADPOOL 2 HAN SOLO UMA HIST√ìR‚Ä¶ ,2
√î d√∫vida ver Han Solo uma hist√≥ria solo ou Deadpool 2 Pena n√£o est√° com saco pra ver os dois hoje,1
RT ThiagoSiQueiraF Existe um √≥timo filme em Han Solo com uma jornada de autodescoberta extremamente interessante de seu personagemt√≠tul‚Ä¶,2
miudovisk Cara que legal Eu n√£o vi Han Solo ainda mas ele passou por tanta mudan√ßa durante a produ√ß√£o que eu ac‚Ä¶ ,1
Conversamos com o elenco de Han Solo Uma Hist√≥ria Star Wars  getitdunn,1
quem q vai cmg no cinema ver han solo,1
Han Solo Uma Hist√≥ria Star Wars estreia hoje N√£o que algu√©m realmente se importe com esse filme mas vou divulga‚Ä¶ ,0
Han Solo  O Z√© Ningu√©m que virou bad boy mais amado da gal√°xia  ,2
RT Emcouto Sobre Han Solo a personagem da Emilia Clarke mandou muito bem Super empoderada e dona de si Por mais personagens feminin‚Ä¶,2
Fui assistir sozinho o filme do Han solo,1
RT nothatnoble Hoje vou ver o Han Solo espero que o vosso dia tamb√©m esteja a correr bem,1
‚ÄòHan Solo‚Äô √© a principal atra√ß√£o nos cinemas de Manaus neste fim de semana ,1
Embarque na Millennium Falcon e viaje para uma gal√°xia muito distante em Han Solo Uma Hist√≥ria Star Wars uma no‚Ä¶ ,1
Colaborei  como f√£ doidin de StarWars mesmo  com o especial dJornalOGlobo sobre SoloAStarWarsStory Semanas‚Ä¶ ,1
Quero tanto assistir o filme do han solo,1
Adicionei um v√≠deo a uma playlist YouTube  Oficial Han Solo Uma Hist√≥ria Star Wars  Cartola Geek,1
Com poucas  revelaÔøΩÔøΩes spinoff de Guerra nas Estrelas chega ÔøΩs telas ,0
RT tenthstands hoje eu acordei meio o filme do han solo n√£o sei pra que existo n√£o sei porque existo s√≥ sei que existo,0
Eu tava cagando pro filme do Han Solo mas tem a Thandie Newton agora quero ver kk,2
O filme do Han Solo era oq eu precisava nessa semana de c√£o üòä,2
RT huffpostbrasil Um dos roteiristas de Han Solo Uma Hist√≥ria Star Wars falou da sexualidade fluida de Lando Calrissian e de seu desej‚Ä¶,1
hoje lan√ßa han solo e eu vo te que fica no caralho da escola fazendo trabalho VAI TOMA NO CU,1
clariceraamos como √© han solo,1
Roteirista de Star Wars confirma panssexualidade de Lando em Han¬†Solo  ,1
COMO ASSIM HAN SOLO ESTREIA HOJE E EU NEM VI DEADPOOL AINDA,1
RT StarWarsBR Emilia Clarke como voc√™ nunca viu em Han Solo Uma hist√≥ria Star Wars 24 de maio nos cinemas ,2
O filme do Han Solo √© mt bala,2
Est√£o prontos para embarcar na Millennium Falcon Hoje estreia Han Solo Uma hist√≥ria Star Wars Em nosso blog voc√™‚Ä¶ ,1
√â hoje a estreia do filme do han solo n√© s√≥ falta o dinheiro,1
no mais muito chateado que t√£o falando mal do filme do han solo por inteiro,0
muita gente falando mal do filme do han solo   desapontada mas n√£o surpresa,0
Gostei de um v√≠deo YouTube  UM FUNKO DO HAN SOLO DIY  Victor Lamoglia,1
jovemnerd otaviouga por favor fa√ßa a cr√≠tica de Han Solo preciso de vc pra desempatar minha cabe√ßa,1
T√£o falando que o filme do Han Solo √© uma bomba iiiiiiiiiiiiiiih S√≥ quero ver o que um f√£ de verdade que n‚Ä¶ ,0
eu acho que o filme do han solo vai ser ruim mas ainda assim t√¥ empolgada pra ir assistir,2
jovemnerd poderia sair um nerdcast sobre esse filme solo do Han Solo para n√£o precisar ir ao cinema e se decepcionar,0
HAN SOLO ‚Äì UMA HIST√ìRIA STAR WARS Han E Qi‚Äôra Conversam Em Novo Clipe  ,1
Eu que n entendo NADA de Star Wars at√© ontem achava que qnd se referiam ao tal filme do HAN SOLO estavam falando de‚Ä¶ ,0
HAN SOLO √â O PIOR FILME DE STAR WARS ,0
quero ver o filme do han solo vamos migos,1
Mds Han Solo √© pior filme de Star Wars disparado que desservi√ßo,0
sextou amanh√£ com han solo,1
menine hoje estreia o filme do han solo,1
Sobre o filme Han Solo  fodase ,0
Pensem em um filme bom Han Solo tem todos os elementos que um bom filme de Star Wars exige e ainda nos mostra coi‚Ä¶ ,0
Eu to felizona com o filme do Han Solo eu curti bastante,2
Um dos roteiristas de Han Solo Uma Hist√≥ria Star Wars falou da sexualidade fluida de Lando Calrissian e de seu d‚Ä¶ ,1
Han solo em cartaz agr sim,2
Nessa madrugada teve pr√© estr√©ia de Han Solo‚Ä¶ ,1
VTNC O FILME DO HAN SOLO √â MUITO BOM VEJAM eu achei que seria bem meh e me surpreendi estou apaixonada pela L3 e a Millennium Falcon ‚ù§Ô∏è,2
Gostei de um v√≠deo YouTube  UM FUNKO DO HAN SOLO DIY  Victor Lamoglia,1
‚ÄúHan Solo Uma Hist√≥ria Star Wars‚Äù vai flopar,0
migos Han Solo √© bem mediano por√©m divertido,1
RT mechamogabriel ga6rielb oi anjo Vamos ver o filme do Han Solo Bjs,1
Menino hoje estreia han solo tinha esquecido,1
filme do han solo √© tudo que vc esperava desde que essa ideia maravilhosa foi anunciada  desnecess√°rio,0
RT adorocinema Corre l√° no Insta Stories para conferir nossa cobertura da pr√©estreia de Han Solo Uma Hist√≥ria Star Wars em S√£o Paulo‚Ä¶,1
HOJE ESTR√âIA HAN SOLO,1
estreiou han solo e eu preciso mt desse filmeeeeee,1
ironicamente a √∫nica parte boa do filme √© o han solo o problema √© o resto,0
HAN SOLO ‚Äì UMA HIST√ìRIA STAR WARS Han E Qi‚Äôra Conversam Em Novo Clipe  ,1
J√° tem gente falando que Han Solo foi uma merda nada fora das minhas expectativas,0
‚ÄúHan Solo Uma Hist√≥ria Star Wars‚Äù √© o destaque entre as estreias da semana gt  ,1
hoje tem han solo mas nao tem √¥nibus,1
ah odiei de onde surgiu o nome Han Solo e outras coisas explicadas do personagem s√≥ mostra o qu√£o desnecess√°rio √© a exist√™ncia desse filme,0
chorando com as cr√≠ticas pesad√≠ssimas do filme de han solo,0
Hoje estreia han solo e eu to pensando em como passar pela porta do cinema e desviar,1
HAN SOLO ‚Äì UMA HIST√ìRIA STAR WARS Han E Qi‚Äôra Conversam Em Novo Clipe  ,1
Passatempo Han Solo Uma Hist√≥ria de Star Wars Sapo Mag ,1
F√£s de Star Wars n√≥s temos uma boa not√≠cia Hoje estreia Han Solo Uma Hist√≥ria Star Wars o filme que conta a s‚Ä¶ ,1
Eu to t√£o apaixonada pelo Han Solo,2
RT omelete Harrison Ford ajudou Alden Ehrenreich a se preparar para o papel em Han Solo Uma Hist√≥ria Star Wars  h‚Ä¶,1
me chamem pra ver Han Solo pra eu falar t√° maluco q vou gastar meu dinheiro com isso eu vou,0
parece que han solo flopou fico triste pela emilia clarke ela fez aquele exterminador do futuro g√™nesio  que tbm‚Ä¶ ,1
O emblem√°tico mercen√°rio do universo Star Wars Han Solo est√° de volta √†s telonas Descubra as aventuras do persona‚Ä¶ ,1
han solo nao eh um filme ruim mas deixa sim a desejar,0
S√≥ queria saber quem se habilita a assitir Han Solo comigo,1
passei minha prova de gen√©tica todinha pensando em han solo que eu vou ver daqui a pouco espero realmente n√£o me decepcionar ,1
RT SamlSamuel Han Solo √© um Star Wars que n√£o tenta ser t√£o Star Wars assim    QuartaDetre‚Ä¶,1
Bom dia s√≥ pra quem quer ir no cinema ver Han Solo e t√° sem grana,1
Pelo visto Han Solo vai ser uma merda mesmo,0
Cheguei em casa com a felicidade de ter assistido um filme solo do meu personagem favorito olha o trocadilho Mas‚Ä¶ ,1
RT Saraiva Est√£o prontos para embarcar na Millennium Falcon Hoje estreia Han Solo Uma hist√≥ria Star Wars Em nosso blog voc√™ encontra u‚Ä¶,1
Estreias da semana Solo A Star Wars History  Han Solo Uma Hist√≥ria de Star Wars‚Ä¶ ,1
RT danilotreta Ontem eu fui com a consagrada √† pr√©estreia de Han Solo e digo com tranquilidade que filme pau mole meu deus do c√©u,0
lorranapinto cinepolisbrasil ai mana esse han solo e a millennium falcon bico de pato n√£o me convenceram  mas vou‚Ä¶ ,0
Sobre Han Solo mais ou menos Gostei do come√ßo do filme dormi no meio e achei o final arrastado demais Tchau,1
as cr√≠ticas t√£o massacrando Han Solo t√¥ at√© com medo de ver e sair de l√° decepcionada,0
HAN SOLO HOJE E EU S√ì VOU ASSISTIR DOMINGO ,1
Han Solo e Deadpool no cinema e eu com 0 dinheiros na conta  Voc√™s t√£o querendo me fuder n√©,1
depois desse filme amo ainda mais o Han Solo ‚ù§Ô∏è,2
Filme do Han Solo √© uma merda Deu a l√≥gica,0
Achei Han Solo just ok N√£o √© o melhor do universo Star Wars mas t√° longe de ser um Amea√ßa Fantasma  At√© porque a L‚Ä¶ ,1
ou alguem vamos assistir han solo comigo,1
S√≥ queria deixar registrado que Han Solo √© muito bom e que os spinoffs de Star Wars s√£o melhores que os filmes de continua√ß√£o da saga,2
Han solos de guitarra n√£o v√£o me conquistar pois n√£o gosto de star wars,0
HAN SOLO Uma Hist√≥ria Star Wars 2018  Cr√≠tica  via YouTube,1
Queria ter algum amigo q gosta de Star Wars pra ir assistir Han Solo cmg üòî,1
jovemnerd Segundo a Folha tu √©s ranzinza  ,1
O cinemarkoficial do Shopping VitoriaES atrasou em 20min a estreia de Han Solo O filme come√ßou do nada numa cen‚Ä¶ ,1
n√£o falem mal do meu han soloüíî,1
HAN SOLO J√Å SAIU E EU S√ì VOU NO CINEMA DOMINGO N√ÉO TO AGUENTANDO MAIS ESPERAR AAAAAAA ,1
alguem me leva pra ver o filme do han solo,1
e o filme do han solo hein,1
O GNC Moinhos n√£o ir√° exibir Han Solo vou ter que ir at√© o Cinemax do Total pra poder assistir o filme,1
Aquele sono de quem assistiu Han Solo ontem e achou legalzin,2
Gostei de um v√≠deo YouTube  UM FUNKO DO HAN SOLO DIY  Victor Lamoglia,1
S√≥ quero ir ver Han Solo hoje e eh isto,1
N√£o vou conseguir falar mal de Han Solo S√≥ se for mt ruim Star Wars √© minha propriedade favorita e s√≥ de estar sa‚Ä¶ ,1
Dica de v√≠deo dvd amp bluray de hoje Helen Mirren √© A RAINHA Leia ,1
estreou han solo QUERO TANTO VER,1
lunbuk O filme do Han Solo kkkk,1
NH√Å QUERO VER O FILME DO HAN SOLO MAS S√ì D√Å FDS,1
RT BodeNaSala J√° tem cr√≠tica de HanSolo Uma Hist√≥ria StarWars l√° no site Confere a√≠ ,1
A √∫nica coisa boa do dia √© que hoje tem Han Solo,1
A cachorraurubu que ainda nem terminou seu texto sobre Rogue One est√° considerando seriamente esperar o filme d‚Ä¶ ,1
Hoje tem uma das estreias mais aguardadas do ano e voc√™ vai embarcar em mais uma aventura do universo Star Wars c‚Ä¶ ,2
Acabei de ver o filme do Han Solo  Eu t√¥ muito feliz ,2
Cr√≠tica de Han Solo Uma Hist√≥ria Star Wars   TV Cinema ,1
Queria algu√©m pra assistir Han Solo comigo hj,1
Mano na moral eu n quero nem saber desse filme do Han Solo,0
Sobre Han Solo a personagem da Emilia Clarke mandou muito bem Super empoderada e dona de si Por mais personagens femininas poderosas üôå,1
Decidindo se assisto Han Solo no cinema ou em casa Tudo indica que em casa,1
corinjoker simmm eu tava com medo desse ator cagar no personagem mas s√©rio ele foi muito bom mesmo e combinou muit‚Ä¶ ,2
Filme do Han Solo t√° mais para cinema em casa N√£o valeu o ingresso,0
meu deus acho q perdi a no√ßao do tempo o filme do han solo ja foi lan√ßado e eu nem me toquei pqp,1
Acho que eu nunca caguei tanto pra alguma coisa a qual eu costumava gostar quanto eu caguei pro filme do Han Solo,0
Han Solo morre no final e o vilao do filme √© a propria namorada dele P StarWars,1
Na real esse filme do Han Solo nem era pra existir,0
Minha cr√≠tica de HAN SOLO UMA HIST√ìRIA STAR WARS principal estreia da semana S√≥ n√£o √© pior que Rogue One viu ,0
T√¥ querendo ir no cinema assistir Han Solo mas t√¥ sem coragem de encarar pessoas sem no√ß√£o toda vez que vou no cin‚Ä¶ ,1
Blog atualizado HAN SOLO UMA HIST√ìRIA STAR WARS Leia ,1
Conversamos com o elenco de Han Solo Uma Hist√≥ria Star Wars  via YouTube,1
Acordei Vi dois tweets de Han Solo J√° quero voltar a dormir,1
Se liga na true da true Han Solo √© mais med√≠ocre do que meu rendimento na sociedade,1
rafaelaregina Pior que os homens nerds mais velhos que s√£o f√£s de Star Wars desde sempre amam o Han Solo A√≠ pegar‚Ä¶ ,1
DecinhaMille O Darth Maul aparece em Clone Wars e em Rebels ele luta com o Obi Wan vers√£o Alec Guiness Luke e Le‚Ä¶ ,1
Esperei muito tempo por esse filme do Han pra ir sozinho e falar q to indo ver o filme do Han SOLO,1
Han Solo  Uma hist√≥ria Star wars chega aos cinemas e mostra o passado do her√≥i ,1
esse n√£o √© o han solo que qualquer ser humano conhece,1
N√£o sei o que pensar de Han Solo Preciso assistir de novo,1
Han Solo uma hist√≥ria Star Wars chega aos cinemas em todo Brasil   ,1
Saiba o que esperar do filme Han Solo  uma hist√≥ria Star Wars que rev√™ o passado da saga  getitdunn,1
Gostei de um v√≠deo YouTube  UM FUNKO DO HAN SOLO DIY  Victor Lamoglia,1
RT UOL Han Solo  O Z√© Ningu√©m que virou bad boy mais amado da gal√°xia  ,1
Ngm gostou RT danilotreta Ontem eu fui com a consagrada √† pr√©estreia de Han Solo e digo com tranquilidade que f‚Ä¶ ,2
RT StarWarsBR Preparados para essa aventura Han Solo Uma Hist√≥ria Star Wars 24 de maio nos cinemas ,1
RT SeriesTWBZ Han Solo Uma Hist√≥ria Star Wars estr√©ia hoje nos cinemas   HanSolo SoloAStarWarsStory ,1
Quero ver Han Solo independente de ser ruim ou n√£o se tem Chewie ent ta valendo,1
Pra quem n√£o estava botando f√© o filme do Han Solo √© realmente bom e vale o valor do ingresso  Eu n√£o vejo a hora de assistir de novo,2
Fui ver ao cinema que nem o Han no estilo Solo mesmo HanSolo,1
assim que anunciaram o filme do Han Solo ao hype bateu mas a√≠ foi chegando a data do filme e fui perdendo o inter‚Ä¶ ,1
hmm muita gente criticando o filme do Han Solo o meu medo aumentou √© sto,0
O mercen√°rio mais querido das Gal√°xias e Chewie est√£o de volta em Han Solo Uma Hist√≥ria Star Wars O filme esper‚Ä¶ ,2
Nao tem transporte pra ir assistir Han Solo isso √© absurdo CHEGA BRASIL,1
RT prisampaio Kd amigos para assistir Han Solo comigo pois mozao n√£o gosta de Star Wars algum defeito tinha que ter,1
QuintaDetremuraSdv Um bom motivo pra assistir Han Solo  Uma Hist√≥ria Star Wars üòç ,1
Para a surpresa de alguns Han Solo Uma Hist√≥ria Star Wars √© muito bom Honra um dos personagens mais queridos e e‚Ä¶ ,1
Han Solo  Uma hist√≥ria Star wars chega aos cinemas e mostra o passado do her√≥i  ,1
lan√ßou han solo aaaaaaaa,1
I just published ‚ÄúHan Solo √© divertido mas continua parecendo desnecess√°rio‚Äù ,2
ontem eu fui na pr√© do han solo no imax e eu CHOREI com o trailer de animais fant√°sticos o filme do han solo √© leg‚Ä¶ ,1
Gente assistam Han Solo n√£o fiquem com medo do filme ser ruim √© MUITO bom,2
Que final foi esse de Han Solo  üò¥üò¥üò¥üò¥,0
BittencourtGab √© um filme do han solo faz parte do universo faz algumas referencias mas n√£o √© trilogia principa‚Ä¶ ,1
Hoje tem Han Solo e eu PRECISO QUE ESSE FILME N√ÉO SEJA UM CU,1
Han Solo √© a grande estreia da semana nos cinemas de Goi√¢nia Confira os trailers e pre√ßos de ingressos‚Ä¶ ,1
Aplaudindo Han Solo com os p√©s pq as m√£os t√£o ocupadas aplaudindo tbm,2
clears throat ent√£o sobre han solo,1
Entre Deadpool e Han Solo por medo vou ver Deadpool hoje,1
RT unicorniocego Han solo foi maravilhoso,2
Voc√™s n√£o sabem o prazer que √© dizer que mordi a lingua e o filme do Han solo √© uma belezinha,2
Han Solo  O Z√© Ningu√©m que virou bad boy mais amado da gal√°xia  ,1
O mundo inteiro CAGOU pro filme do Han Solo cara,0
Geral falando mal do filme do Han Solo ,1
Assisti Han Solo e tem um detalhe que me fez n√£o entender nada,1
I liked a YouTube video  PR√â ESTR√âIA STAR WARS HAN SOLO SEM SPOILER,1
Hoje √© a estreia de Han Solo e eu s√≥ quero ir no cinema,1
PQ Q A MAIORIA DOS HORARIOS PRA ASSISTIR HAN SOLO OU EH 3D OU EH DUBLADO INFERNOOOOO,1
RT felipelahm Minha cr√≠tica de HAN SOLO UMA HIST√ìRIA STAR WARS principal estreia da semana S√≥ n√£o √© pior que Rogue One viu ,0
Gostei de um v√≠deo YouTube  UM FUNKO DO HAN SOLO DIY  Victor Lamoglia,1
filme do han solo melhor filme do mundo startrek pqp 1010 at√© o chewie tava bom e a daenerys ta diferente muito bo‚Ä¶ ,2
meu amigo cm priva√ß√£o de sono xingando meu irm√£o por ter gostado de han solo foi o ponto alto da minha manh√£,0
thiagoromariz Foi oq eu fiz T√¥ pensando seriamente em fazer o mesmo com Han Solo,1
Cada um com seus gostos mas ver o Jovem Nerd reclamando de Han Solo e elogiando Deadpool 2 me doeu na alma,1
ent√£o gostei mto de Han Solo quero ver de novo,2
Est√° todo mundo falando que o filme do Han Solo foi uma merda como n√£o uso outros como par√¢metro para nada vou as‚Ä¶ ,0
Alguem vai comigo ver o filme do Han Solo e do impichima,1
MINHA GENTE e ontem na sess√£o de han solo que depois de TODOS OS TRAILERS quando o filme ia come√ßar na vdd tinham c‚Ä¶ ,1
Filme do Han Solo vai ter que ser torrent mesmo,1
bom dia gente s√≥ queria falar pra vcs perderem o tempo mesmo pra assistir o filme do han solo pq s√≥ vale a pena ver o chewbacca,1
Pensando seriamente em assistir o filme do Han Solo hoje depois da prova,1
Filme revela passado de Han Solo e sua liga√ß√£o com o crime  ,1
na desnecessidade de sua exist√™ncia SOLO tem uns momentos ATA como qndnuma situa√ß√£o espec√≠fica parece atender a‚Ä¶ ,1
RT mayechelon Me d√™em spoiler de Han Solo pois me recuso a ir ver,1
Han Solo Uma Historia Star Wars provou que  STAR WARS √â VELOZES E FURIOSOS NO ESPA√áO MESMO,2
RT TPZanetic Han Solo √© um bom filme de Star Wars Gostei mais do que imaginei que gostaria Por√©m Alden Ehrenreich n√£o segura a barra c‚Ä¶,1
Trilha sonora Han Solo  Uma Hist√≥ria Star Wars por John Powell   ,1
Deadpool2 t√° bem fraquinho e Han Solo n√£o t√° agradando mto ent√£o vamos continuar falando de guerrainfinita  TEORI‚Ä¶ ,1
Gostei de um v√≠deo YouTube  UM FUNKO DO HAN SOLO DIY  Victor Lamoglia,1
V√°rias pessoas falando mal de Han Solo acho que esse nem vou ver,0
RT BlogCinemaNews HAN SOLO ‚Äì UMA HIST√ìRIA STAR WARS Han E Qi‚Äôra Conversam Em Novo Clipe  ,1
Caralho Han Solo mt pica,2
Confesso que eu n√£o estava com vontade de ir assistir Han Solo Um hist√≥ria Star Wars nos cinemas,1
Tbm n√£o queria assistir Han Solo msm ,1
Han Solo Uma hist√≥ria Star Wars tem pr√©estreia no JK Iguatemi ,1
Nerdbunker deve ser mais legal q han solo,1
han solo eu gostei de tudo em vc menos de emilia clarke pois n√£o me acostumo com a atua√ß√£o dela em outro lugar que n√£o seja game of thrones,1
Planos para o fds    Ler   Assistir Han Solo quem sabe  Colocar Segundo Sol em dia   Adiantar Verdades Secret‚Ä¶ ,1
vim pro shopping bater perna e assistir han solo mas com esses coment√°rios sobre filme to ficando desanimada,0
Jaime une vid√©o YouTube¬† HAN SOLO Uma Hist√≥ria Star Wars 2018  Cr√≠tica √† ladresse ,1
filme do han solo nao me impressionou mt to bem chateada mas pelomenos descolei um copo bem tope flw ,0
Youtubers mimizentos que se acham os nerd raiz criticando o filme do Han Solo enquanto o pessoal que sigo e que r‚Ä¶ ,0
Brandom viu o filme do Han solo e disse q √© bom Espero q o filme n√£o seja bom igual Thor Ragnarok,1
Motivo para sorrir no dia hoje tem Han Solo Uma Hist√≥ria Star Wars ,1
Han Solo Uma Hist√≥ria Star Wars j√° chegou aos cinemas Embarque na Millennium Falcon e divirtase com Han Solo e s‚Ä¶ ,2
RT eddienerd0 Deadpool2 t√° bem fraquinho e Han Solo n√£o t√° agradando mto ent√£o vamos continuar falando de guerrainfinita  TEORIAS VINGA‚Ä¶,0
Bom dia minhas estreia de Han Solo Tamo s√≥ de olho no meio per√≠odo hoje,1
RT failwars UTILIDADE P√öBLICA N√£o tem cena p√≥scr√©dito em Han Solo Uma Hist√≥ria Star Wars ,1
Embarque na Millennium Falcon e viaje para uma gal√°xia muito distante em Han Solo Uma Hist√≥ria Star Wars¬¥ uma no‚Ä¶ ,1
O filme √© mais um cap√≠tulo da saga Guerra nas Estrelas ,1
N√£o se trata propriamente de um novo epis√≥dio da saga Star Wars mas sim da hist√≥ria do protagonista principal Ha‚Ä¶ ,1
magalzaoshow Com exce√ß√£o do primeiro sempre achei uma merda E olha que anda nem vi Han Solo,1
Mulher de atitude √© minha m√£e q sem charminho nem um entrou no meu quarto e falou vamos ver han solo amanha eu pa‚Ä¶ ,1
Eu to muito mixed feeling com as primeiras opini√µes desse Han Solo aaaaaaaaaaaa,1
jovemnerd fabrillicious vc tinha dito que queria ver Han Solo n√©,1
Han Solo O filme n√£o √© BOM mas n√£o √© ruim 65710,1
ALGU√âM ME LEVA PRA ASSISTIR HAN SOLO POR FAVOOOOOOOR,1
Falta identidade ao filme do Han Solo o que √© curioso pois existe um arqu√©tipo claro a ser trabalhado Filme de i‚Ä¶ ,1
Ganhei 2 ingressos de cinema pra assistir a pr√© estreia do Han Solo cheguei l√° mais cedo troquei uma das entradas‚Ä¶ ,1
Cine News Han Solo ‚Äì Uma Hist√≥ria Star Wars ,1
Ser√° mesmo que Han Solo √© uma completa bosta Espero que n√£o,1
RT omelete Han Solo Uma Hist√≥ria Star Wars √© uma hist√≥ria de amor entre Han e Chewie diz roteirista  ,1
Emilia Clarke deixa de assistir Han Solo para ver o casamento real  ,1
S√≥ os tonto ficando acordado at√© 2 e pouco por causa de Han Solo  eu to inclusa nesse povo uu,1
otaviouga quando sai an√°lise do Han Solo T√¥ dependendo do seu v√≠deo pra ver se vale a pena gastar dinheiro com ingresso v,1
anima√ß√£o nenhuma pra ver o filme do Han Solo maaaaas √© Star Wars n√©,1
S√°bado vamos assistir Han Solo Uma Hist√≥ria Star Wars Tomara que seja bom ,1
RT StarWarsBR Woody Harrelson precisa montar uma equipe de respeito em Han Solo Uma Hist√≥ria Star Wars 24 de maio nos cinemas ,1
Eu n√£o t√¥ botando muita f√© nesse filme do Han Solo Ser√° que vai ser pior que o Amea√ßa Fantasma,0
Hoje tem  HanSoloUmaHist√≥riaStarWars e antes de assistir o filme aprenda mais sobre os rugidos Wookie  RRRAUGR‚Ä¶ ,1
Han solo √© muito bommmm s√©rio vale demais ver e rever varias vezes,2
Han Solo personagem de Star Wars ganha seu pr√≥prio filme ,1
terciobruno Sim o star wars √© a batata frita o Han Solo √© o Big MC com a carne queimada,1
Mds hoje √© estr√©ia de Han Solo,1
E a√≠ j√° foi l√° ler  CR√çTICA HAN SOLO UMA HIST√ìRIA STAR WARS ,1
√â preciso ser muito ranzinza para n√£o gostar de Han Solo ,1
sobre o filme do Han Solo t√° bem mais ou menos mas tem umas cenas que d√£o quentinho no cora√ß√£o com o Chewie e o L‚Ä¶ ,1
jovemnerd Deadpool 2 foi a coisa mais cringe que eu vi esse ano N√£o √© poss√≠vel que Han Solo seja pior,1
Han Solo Uma Hist√≥ria Star Wars √© o filme mais caro da franquia  ,1
Aten√ß√£o  Filme de Han Solo √© bom √Ågua √© molhada  um deles √© mentira choose wisely,0
Filme do Han Solo foi bem o que eu esperava mediano mas empolga quem √© mais f√£ Sinceramente n√£o havia a necessida‚Ä¶ ,1
Han Solo √© um filme q n fede nem cheira √© um filme inofensivo mas q n justifica sua exist√™ncia tinha o pot‚Ä¶ ,1
RT eleganterick J√° tem trocentas cr√≠ticas de Han Solo  Uma Hist√≥ria Star Wars O pessoal √© r√°pido demais,1
hoje tem han solo gra√ßas a deus,1
Ainda bem que eu n√£o sou t√£o ot√°ria a ponto de assistir Han Solo ,1
Han Solo Algu√©m como eu Tully e Antes que eu me esque√ßa s√£o estreias da semana nos cinemas G1 come ,1
Procurase um amigo para assistir Han Solo,1
Achei muito top han solo viu,2
Agora vou te dizer uma coisa nem o filme dos Vingadores fui ver imagina do Han Solo t√¥ sem vontade de ir no cinema,1
quem q vai ir assistir Han Solo comigo,1
RT jurandirfilho HanSolo √© aquele filme que todo mundo sabia que era desnecess√°rio e que tinha tudo pra dar errado No fim deu muito er‚Ä¶,0
RT omelete Cr√≠tica Bom elenco sustenta Han Solo  Uma Hist√≥ria Star Wars e Alden Ehrenreich surpreende como protagonista ,2
filme do han solo com meu marido donald glover,1
Han solo deve ser uma merda colossal Acho que vai ser o primeiro filme dessa nova leva de filmes de  star Wars que eu n√£o verei no cinema,1
Assistir Han solo na faixa e na pr√© estreia aindafoi demais,2
hoje eu acordei meio o filme do han solo n√£o sei pra que existo n√£o sei porque existo s√≥ sei que existo,1
targaryensun han solo vai flopar,0
Aparentemente o han solo √© um sith com um sabre em forma de arma ,1
Han Solo tem faroeste F√≥rmula1 e Indiana Jones diz diretor do filme ,1
indo sonhar com Han solo ,1
Acabei de descobrir que sextafeira vou assistir o filme do Han Solo HanSolo,1
Gostei de um v√≠deo YouTube  UM FUNKO DO HAN SOLO DIY  Victor Lamoglia,1
ningu√©m vai mesmo me levar pra assistir han solo beleza,1
N√£o acredito que n√£o vou  conseguir ir assistir Han solo hoje aaaaaa merdaaaa ,1
nem acredito que vou ver han solo hj minha namorada √© realmente incr√≠vel,1
Que tal um cinema no fim de semana Estreias ‚Ä¢ HAN SOLO UMA HIST√ìRIA STAR WARS Assista os trailers de todos o‚Ä¶ ,1
Cr√≠tica do filme Han Solo Uma Hist√≥ria Star Wars   TV Cinema ,1
review de Han Solo tudo est√° melhor do que parece,2
talvez vc considere isso como spoiler de han solo ent√£o n√£o leia  como o ser x apareceu no filme sendo q o mesmo‚Ä¶ ,1
Ja vi han solo 2 vezes e ainda n acredito q o Darth Maul aparece,1
Han Solo Algu√©m Como Eu e mais dez filmes estreiam nos cinemas ,1
RT gabisvalente Resultado do dia gasolina desperdi√ßada porque n√£o votaram cadastro positivo e apenas DUAS PESSOAS fantasiadas na fila do‚Ä¶,1
hoje tem han solo j√° t√¥ prepradisssima pra bomba mas se for bom eu vou urrar de felicidade rs,1
Nesse epis√≥dio falamos SEM SPOILERS sobre o novo spinoff da maior saga da hist√≥ria do cinema Han Solo ‚Äì Uma Hist√≥‚Ä¶ ,1
cestjuliana isso n√≥s temos o mesmo han solo em duas trilogias de star wars quando que ele mudou de rosto e perdeu o carisma,1
eu t√¥ assim han solo estreou no cinema hmm que tenho a ver deadpool t√° em cartaz hmm que tenho a ver MAS DAI‚Ä¶ ,1
Gosta da Millennium Falcon D√° uma olhada nos detalhes da nave do Han Solo  ,1
Hoje estreia o filme do Han Solo Para ser sincero estou com zeros de hype Nem sei se vou ao cinema ver SoloStarWars,1
soloastarwarsstory √© muito divertido eu ri bastante a rela√ß√£o Chewie e Han √© cora√ß√£o do filme Donald Glover nem‚Ä¶ ,1
alinemaximo faz demais uai √© pq a leia tinha uma carinha de velha mas no epis√≥dio 4 ela e luke s√£o jovens ainda‚Ä¶ ,1
Han Solo Uma Hist√≥ria Star Wars  P√¥ster 25  via crazyseawolf hansoloumahist√≥riastarwars,1
T√¥ muito animado pra ver Han Solo uma aventura StzzZzzzZzzzz,1
N√£o acreditando que tem gente ansiosa pelo filme do Han solo ESSE FIASCO,0
Todo mundo preocupado com o pre√ßo da gasolina e eu s√≥ penso se o filme do Han Solo vai ser bom ou como os vingadore‚Ä¶ ,1
HAN SOLO √© simp√°tico √â Fazia falta Nenhuma A minha nota no Publico ,1
o filme do han solo n√£o √© a grande merda que eu achei que seria,1
Acordei e logo li que Han Solo t√° horr√≠vel Disappointed but not surprised,0
HAN SOLO Uma Hist√≥ria Star Wars 2018  Cr√≠tica  via YouTube,1
Han Solo Uma hist√≥ria Star Wars s√≥ n√£o consegue ser pior do que Crep√∫sculo porque os personagens n√£o s√£o caricatos HanSolo WaltDisney,1
sobrevivi pra contar sobre han solo √© uma pena que ningu√©m saber,1
acho que entendo o fen√¥meno da galera que assistiu o epis√≥dio 1 super animada e foi murchando na primeira meia hor‚Ä¶ ,1
quero tanto ir ver Han Solo e deadpool,1
Manoo Todo mundo falando que o filme do Han solo t√° uma merda N√£o quero mais assistir kkkkkk,0
Vou comprar ingresso pra ver Han Solo na surdina pq n√£o quero ningu√©m vindo atr√°s de mim,1
Sobre ‚ÄúHan Solo‚Äù O filme sofre com o mesmo problema da trilogia prequel Criar o background de um personagem que j‚Ä¶ ,1
Faltou alguma frase marcante do Han Solo   ,1
Desculpa deadpool mas saiu han solo fica pra a pr√≥xima,1
Han Solo  Filme √© o mais caro da¬†saga  ,1
procuro companhia para assistir o filme do han solo,1
Han Solo e mais no Vic Center ,1
eu quero ir no cinema assistir Han Solo mas n√£o tenho gasolina no carro algu√©m me empresta uma bike um cavalo me‚Ä¶ ,1
RT StarWarsBR Quem n√£o queria ter um amigo como o Chewie Han Solo  Uma Hist√≥ria Star Wars 24 de maio nos cinemas ,1
SpoilerAlert √© galera o Han Solo n√£o morre no fim do filme HanSolo StarWars,1
Mano Eu AMEI o filme do Han Solo porque explicas umas paradas a√≠ e a sacada do percurso de Kessel eu amei,2
Ent√£o Han Solo √© um filme dos Trapalh√µes com muito or√ßamento,1
Bom dia manas hoje e dia de assistir star wars han solo Chega logo 21 hrs,1
Ent√£o no meu medidor pessoal quantitativo de qualidade o filme solo do Han Solo est√° no n√≠vel bacaninha √â zoado‚Ä¶ ,1
RT jovemnerd Meu review de Han Solo Vejam Deadpool 2 De novo,1
HanSoloUmaHist√≥riaStarWars estreia hoje e j√° tem cr√≠tica l√° no blog Vem embarcar na MillenniumFalcon com a gent‚Ä¶ ,1
o dia ficou melhor depois de lembrar que hoje estreia han solo,1
Fiquei sabendo que Han solo t√° ruim Eu acho que provavelmente talvez,0
Hoje tem Han Solo mas t√¥ desanimado pra ver,0
